mes,tp (mm day**-1) (Total precipitation),avg_tprate (kg m**-2 day**-1) (Time-mean total precipitation rate),avg_ie (kg m**-2 day**-1) (Time-mean moisture flux),avg_vimdf (kg m**-2 day**-1) (Time-mean total column vertically-integrated moisture divergence flux),avg_slhtf (W m**-2) (Time-mean surface latent heat flux),avg_ishf (W m**-2) (Time-mean surface sensible heat flux),avg_sdirswrf (W m**-2) (Time-mean surface direct short-wave radiation flux),avg_sdlwrf (W m**-2) (Time-mean surface downward long-wave radiation flux),avg_sdswrf (W m**-2) (Time-mean surface downward short-wave radiation flux),avg_sduvrf (W m**-2) (Time-mean surface downward UV radiation flux),avg_snlwrf (W m**-2) (Time-mean surface net long-wave radiation flux),avg_snswrf (W m**-2) (Time-mean surface net short-wave radiation flux),avg_tdswrf (W m**-2) (Time mean top downward short-wave radiation flux),avg_tnlwrf (W m**-2) (Time-mean top net long-wave radiation flux),avg_tnswrf (W m**-2) (Time-mean top net short-wave radiation flux),cbh (m) (Cloud base height),d2m (K) (2 metre dewpoint temperature),t2m (K) (2 metre temperature),hcc ((0 - 1)) (High cloud cover),lcc ((0 - 1)) (Low cloud cover),mcc ((0 - 1)) (Medium cloud cover),tcc ((0 - 1)) (Total cloud cover),tcw (kg m**-2) (Total column water),tcwv (kg m**-2) (Total column vertically-integrated water vapour),tp_mm (mm) (Total precipitation),avg_tprate_W (W m**-2) (Time-mean total precipitation rate),t2m (°C) (2 metre temperature),d2m (°C) (2 metre dewpoint temperature),balanc_earth (W m**-2) (earth_balance),balanc_atmos (W m**-2) (atmospheric_balance),balanc_surface (W m**-2) (surface_balance)
1,10.206201992165095,10.206149541304189,-3.4196747412023973,-6.0092599140844785,98.98037507866563,23.582836756329886,93.62454507678702,415.82850375082324,180.15526499864043,22.7914794818796,31.086985852121938,-152.89800184795462,438.3393300546269,209.14867261973677,-262.85783661808784,780.9162915707245,295.9764630482415,298.2481766411812,0.7711908714567024,0.35697942350943257,0.426723884255752,0.8845485220640793,52.46596142048234,52.13391763701643,316.392261757118,295.31682700532946,25.098176641181198,22.826463048241475,53.70916399835105,250.79781176417777,-0.7521958391628601
2,9.931522545708198,9.93145215390649,-3.514084631801576,-5.735956609166069,101.71295436365244,25.404533534432623,99.54786310128794,415.8595586573568,186.40397043101345,23.57714205036137,31.444025021958726,-158.54166668713222,443.890140655154,212.21296530133822,-269.8305802999822,807.3737182959422,295.93340953031316,298.2478236739521,0.7492775412728343,0.349530867279716,0.41836102717397894,0.8744976706717773,52.41300356252035,52.092118761821915,281.38820941834285,287.3684072310906,25.09782367395213,22.78340953031318,57.617614998644015,243.29291409899375,-0.019846232911571348
3,10.681051895199971,10.680983456197344,-3.4487721097281088,-6.419553873152156,99.82253331229808,22.800725917973573,91.33142174559069,416.91552977875773,178.36638596889665,22.677526147851733,29.91971331103942,-152.37772484781925,436.2065625488065,208.18706425136605,-262.25703935276545,763.0856950562278,296.0918534923175,298.19073209193033,0.7772219001554366,0.37398666114985607,0.42633314307070924,0.8919726427520824,53.71052184727493,53.369806801177845,331.1126087511991,309.0562342649695,25.040732091930344,22.941853492317556,54.069975101399415,263.4689237475626,-0.16524769349179427
4,9.328911430174772,9.328850677860036,-3.4628591102212085,-4.967100925102939,100.23029607285413,20.952652453404156,96.21540521052609,416.7684733437929,176.42268206590512,22.217821075695134,30.633100032596435,-151.95721256264875,411.0413042378383,218.77510126982233,-256.1263643739994,702.6990562962412,296.35067990243675,298.44044851228637,0.7210072288682402,0.3804038474747606,0.3610774216565208,0.852227868358878,53.09423248102441,52.80664025406289,279.86734290524316,269.93202192882046,25.290448512286407,23.200679902436768,37.351263104177136,206.91182495634948,0.14116400379401028
5,6.405050119450541,6.404955475095017,-3.4615192169256503,-1.7785694735185538,100.19158027960414,19.31497658378829,108.8162106541641,412.1272350375478,178.79643144104693,21.807163201562908,35.44335778493928,-155.0887379769014,380.0968916821767,238.42634708431788,-252.49168375976257,913.6502701672935,296.1196305996815,298.64487643017316,0.5712436475941014,0.3087073966532855,0.29565799852038177,0.7278239472117157,49.41470019112647,49.205523660693586,198.55655370296677,185.32857277474005,25.49487643017315,22.969630599681484,14.065336675444675,99.0635058420109,0.1388233285696856
6,2.514001821626011,2.5139023748485902,-3.4672933538187842,2.0344916661238615,100.3587055306136,24.140006883225475,136.53815017028577,402.59486635658436,197.12712893585987,23.113531762430885,46.59886861810457,-171.41245524228367,362.3015728988273,267.99709899586884,-264.37828483982446,1398.7871210760918,294.82507235283936,299.0244409316145,0.30007764108048424,0.17059249354269734,0.21820824802337419,0.49880223222065495,42.07342921255098,41.96586070864248,75.42005464878034,72.74023075372078,25.874440931614494,21.67507235283937,-3.6188141560443254,-31.5521631432772,0.3148742103400508
7,1.7387979641242084,1.7387363816851031,-3.2873390336740242,2.596468933498863,95.15007045481964,32.81908137913588,150.8674776612466,396.59179378219926,210.55910241042562,24.475612867506772,54.054908123458496,-183.08302664528108,369.1471904827709,274.2709903982253,-275.3438934514466,1727.3288437485899,293.3328235956129,299.18301369420936,0.2023405303687055,0.12453456352770087,0.2182662646373937,0.41781620864812635,37.80390265778698,37.7134615021003,53.90273688785046,50.310659192277285,26.033013694209405,20.182823595612923,1.0729030532213244,-44.8254748971881,1.0589666878670811
8,1.4558969381639173,1.4558467528496313,-3.3177199414931366,2.850846693751488,96.02933450374454,42.81556444343224,163.74688009738492,400.5421848499711,227.7860461285289,26.470378603129905,56.08407981911662,-197.12972531524696,395.24376940872287,274.87368980373446,-296.51351100715254,1892.8838084418803,293.5792027106735,300.05192051956675,0.21547190753941595,0.11088033063249995,0.20520935549701744,0.4180345237378809,37.87372789979423,37.78313887600506,45.132805083081436,42.125195394954616,26.901920519566737,20.429202710673497,21.63982120341808,-34.4650644543254,2.2007465489535507
9,2.396587784829437,2.3965292359651316,-3.573607966824605,2.161174549562282,103.4359402532604,49.52005948613292,173.8370828710602,408.0275672243154,242.01689633848142,28.636653650789793,52.22481901774137,-207.06571108602435,422.7445065411656,264.60601789617726,-312.7467766375098,1738.7677229147848,294.8655053760453,300.38008340800695,0.35265159191112133,0.13603974921638598,0.19397971963075403,0.5134665709154211,41.64791036507191,41.53491266645189,71.8976335448831,69.34401724436144,27.23008340800697,21.715505376045343,48.14075874133251,12.16394340354393,1.8848923288896358
10,3.5312011303621835,3.531147673004851,-3.8612646551516354,1.067206895155135,111.7619790622831,47.4668313529036,173.96992814936786,410.53013447202585,246.4620696877058,29.674846390509572,48.783010341956235,-209.46171291395098,437.33693008124544,252.3427493592488,-317.55021748895695,1613.9074878212755,295.5433776621696,300.12510432900365,0.48870334702569423,0.16352401939938138,0.1951423844829006,0.6152560456701494,44.10127985571969,43.96714815059829,109.4672350412277,102.17441183463112,26.975104329003653,22.393377662169588,65.20746812970808,54.17000874524804,1.4498921568080347
11,5.865727370006867,5.865676534197151,-3.727558320579392,-1.538359041898795,107.89174264824881,37.026426417607,138.36893643230187,413.6794145290717,220.11860641768007,26.933888660397393,41.39998069714862,-186.65253539074516,437.1712212265651,225.90860785391715,-295.8798889524278,1321.0894918486797,295.91420259471545,299.4770743358225,0.710176152039195,0.21905792132897467,0.27322246665416666,0.7961620507742414,48.49336436375075,48.291395578408945,175.971821100206,169.72443675338977,26.32707433582259,22.764202594715492,69.97128109851069,131.46958957591093,0.33438562774070846
12,6.874016297315729,6.873958284983158,-3.5818847893214296,-2.594851652236382,103.67545084089495,31.65375701891751,122.7614920378873,414.8552076301341,203.52093088473734,25.15252143723233,37.40340933421025,-172.66746427666473,433.8400729601205,223.0158975894395,-281.13184704063207,1111.576221245929,296.0191648034244,299.11070430804205,0.7047445185196283,0.25021123146657165,0.3507238727993039,0.8139969578992925,50.269939759892104,50.02635606389806,213.09450521678755,198.8992559312256,25.960704308042096,22.86916480342442,58.11594945119251,153.40490745888115,-0.06515291735796894
