time,tp (mm day**-1) (Total precipitation),avg_tprate (kg m**-2 day**-1) (Time-mean total precipitation rate),avg_ie (kg m**-2 day**-1) (Time-mean moisture flux),avg_vimdf (kg m**-2 day**-1) (Time-mean total column vertically-integrated moisture divergence flux),avg_slhtf (W m**-2) (Time-mean surface latent heat flux),avg_ishf (W m**-2) (Time-mean surface sensible heat flux),avg_sdirswrf (W m**-2) (Time-mean surface direct short-wave radiation flux),avg_sdlwrf (W m**-2) (Time-mean surface downward long-wave radiation flux),avg_sdswrf (W m**-2) (Time-mean surface downward short-wave radiation flux),avg_sduvrf (W m**-2) (Time-mean surface downward UV radiation flux),avg_snlwrf (W m**-2) (Time-mean surface net long-wave radiation flux),avg_snswrf (W m**-2) (Time-mean surface net short-wave radiation flux),avg_tdswrf (W m**-2) (Time mean top downward short-wave radiation flux),avg_tnlwrf (W m**-2) (Time-mean top net long-wave radiation flux),avg_tnswrf (W m**-2) (Time-mean top net short-wave radiation flux),cbh (m) (Cloud base height),d2m (K) (2 metre dewpoint temperature),t2m (K) (2 metre temperature),hcc ((0 - 1)) (High cloud cover),lcc ((0 - 1)) (Low cloud cover),mcc ((0 - 1)) (Medium cloud cover),tcc ((0 - 1)) (Total cloud cover),tcw (kg m**-2) (Total column water),tcwv (kg m**-2) (Total column vertically-integrated water vapour),tp_mm (mm) (Total precipitation),avg_tprate_W (W m**-2) (Time-mean total precipitation rate),t2m (°C) (2 metre temperature),d2m (°C) (2 metre dewpoint temperature),balanc_earth (W m**-2) (earth_balance),balanc_atmos (W m**-2) (atmospheric_balance),balanc_surface (W m**-2) (surface_balance)
2015-01-01,7.861654356754641,7.861640798362692,-3.731008781825792,-3.5053216699562415,107.99181249855822,31.058994317270823,127.75744698475906,413.374758106899,206.4437608239888,25.666791953621818,36.863936699822865,-175.41936145576437,438.5657476046712,224.65348486238463,-284.26075955484464,1032.1817119994353,295.8804643088652,298.8102153258459,0.6045369979423235,0.23750591854730538,0.3682630506326007,0.7527985772353154,49.95329109585088,49.70296774524404,243.71128505939387,227.4780323600316,25.66021532584591,22.730464308865237,59.60727469246001,179.5888766138209,-0.49538205988751827
2015-02-01,9.845172409068505,9.845164648417391,-3.5507876784465364,-5.535014194199241,102.77547586584447,24.56311575270763,99.84914325545896,416.4415004395403,185.8742132729534,23.551724488130453,31.904309919901408,-158.1664041474942,444.1427968468613,208.41322136913564,-269.59074279601174,944.7023018673933,296.0639225219118,298.57348831977185,0.8129913455842253,0.29591216803194137,0.43681669131482537,0.9006176197069993,52.6998695574063,52.35828997072141,275.6648274539181,284.87166228059584,25.423488319771877,22.913922521911843,61.1775214268761,244.35020523258677,-1.0764973909593039
2015-03-01,11.9137657041681,11.913756428021486,-3.3915110850186188,-7.81660727454336,98.16532948355183,21.04642020691332,87.89713847383253,418.02165296509946,173.1827120984711,22.109968544439155,29.212506532192897,-147.93105353579932,436.590650913665,206.08036901675172,-258.32927184498556,755.838202545483,296.38152129935145,298.49334210844546,0.7884494201187262,0.3575196851583355,0.4429368981212426,0.8959275266032419,54.41731281745252,54.0634389656514,369.3267368292111,344.72674849599207,25.343342108445484,23.23152129935147,52.24890282823384,299.3035245275328,-0.4932026868587229
2015-04-01,8.36921242934907,8.369219146650414,-3.6271715056229454,-4.347807381957008,104.98654337313901,22.210306260039907,107.9598690001494,415.9551146469307,184.74246943844997,23.096947474530513,32.57850066977555,-159.1554834386039,411.5108727271135,227.70683633234032,-263.95797451370106,711.9072962682073,296.5583113811784,298.93480274549967,0.6731974810282342,0.32795255963570885,0.30689122920586814,0.8151055677472624,52.30585283591958,52.04781905194418,251.0763728804721,242.16490586372723,25.78480274549969,23.408311381178407,36.251138181360744,174.0493675362995,-0.6198668643505556
2015-05-01,5.768796525398544,5.768748615554301,-3.538506732554382,-1.129399796922002,102.42017570943692,18.552683694029497,111.10484903715393,414.0524496484472,179.31312089820577,21.822890856433144,34.469247015327404,-155.5835346120357,380.50300502385335,239.86384384079224,-254.18223365918917,825.229939324767,296.53923814387184,299.08882275323396,0.5719357550674217,0.27836070302821947,0.30316427939691143,0.7325432346157054,50.34139880697729,50.13974970200468,178.83269228735486,166.91980947784438,25.93882275323398,23.389238143871864,14.318389818396923,78.67659539356251,0.14142819324187883
2015-06-01,2.2239076121673325,2.223871501049268,-3.4974522237334837,1.900001422050137,101.23185155019588,24.313424191300253,138.22703677092434,403.92586385956776,198.51837762151484,23.29747578086195,46.99207268356822,-172.66026428051674,362.52043236200973,267.37786500205164,-266.03780817082037,1598.9563724059276,295.04215037642103,299.56715192702336,0.285316812246395,0.13951590768894936,0.22090984465378477,0.4802491786813451,42.05323748606247,41.946964711803254,66.71722836501998,64.34813371091631,26.417151927023383,21.892150376421057,-1.3400568312312657,-38.346690525963226,0.12291585545239059
2015-07-01,1.9927598028203435,1.992820130298753,-3.333253204033604,1.9568888042828518,96.47910212956337,30.475492929529103,147.14676256549873,402.0958105381182,205.79207875854064,24.074965926042633,50.89622843095107,-178.99933233647184,369.1687489776561,275.9737161257326,-272.4994494237882,1618.8737225375323,294.13407114030764,299.80677278300755,0.1682819657026496,0.12251918192196354,0.2537886262980701,0.416872960728444,39.54343037850754,39.4467731046466,61.77555388743065,57.66261951095929,26.65677278300757,20.984071140307663,-3.4742667019444298,-43.439258166976785,1.1485088464282711
2015-08-01,0.34187799788513795,0.3418176008633412,-3.165410724045236,3.506225773380056,91.62092174471756,51.05530582305902,186.03534053917957,397.56843817955473,243.57603765919418,28.028771215954126,64.98559103825892,-210.88720866994166,395.1669492374215,286.3601564828704,-308.72316724982414,2374.009216079173,292.66591308603716,301.17027310486935,0.13302969407480936,0.05217545478963271,0.1569674646446452,0.2900984364144635,34.64169735558404,34.58645980162987,10.598217934439276,9.890555580536493,28.020273104869375,19.515913086037187,22.36301076695372,-62.5927454611335,3.225390063906147
2015-09-01,0.2393547911345817,0.23930309122198898,-3.073974444353553,3.1596491569642526,88.97447124252658,68.39557724099095,204.22961836071005,407.8458681498808,262.5898658325399,30.704885347125238,63.842867931375025,-224.77234168637864,422.70471361177056,286.5853684414894,-327.8115206005667,2470.967730630848,293.7586462338727,302.16943484721253,0.15079735214993154,0.05823520264706123,0.15675727456796026,0.31514954703728687,36.726974345854416,36.661086170722264,7.180643734037451,6.924279259895514,29.01943484721255,20.60864623387272,41.226152159077344,-44.38346509503981,3.5594252714860914
2015-10-01,1.5947601044131143,1.594737626305389,-3.4224335024048145,1.8348427409857115,99.06034701090486,67.29801840212053,203.36697189593312,415.3840164138776,265.0798038889458,31.640526181061468,56.84975983511799,-225.51666792289151,437.41607767822904,270.81438388923493,-332.10419780190404,2233.8472010528917,294.9786344642903,302.02218406590384,0.3738679707123204,0.09097484615268348,0.17736478930523336,0.5001113154977926,42.108653072039935,42.00519983202212,49.43756323680655,46.14402853892908,28.872184065903866,21.828634464290303,61.2898139126691,6.064952765945193,2.308542674748125
2015-11-01,2.4398551611686785,2.439890279453893,-3.6861562088113655,2.0161208622894393,106.69339679178194,55.84684575219147,186.042035793086,416.34650120771084,252.76411259277006,30.571154237338337,50.412549975360854,-214.6195866718095,437.3458524443572,254.62964557617704,-322.2418352374402,1799.667419186356,295.729243728901,301.26966208841947,0.5391165452704791,0.11462885941715033,0.19363414983937033,0.645713319631677,45.45986784814164,45.34357328987548,73.19565483506035,70.59867706753163,28.11966208841949,22.57924372890102,67.61218966126319,29.850675784537657,1.6667941524752194
2015-12-01,3.453681024909795,3.4536720968885715,-3.601728926963762,0.02981540211314326,104.249634674411,51.7250823737255,172.75544632183627,418.2817128536138,237.94251637355697,28.964529573723063,45.972521030344204,-202.1218936178134,434.0099717454464,255.73234387226248,-309.94428584937043,1446.2481725544571,295.8369412805257,300.9034683246501,0.42495489092888944,0.14964252097788555,0.2463220730950477,0.5938742256465901,48.31360399146084,48.175559933139716,107.06411177220365,99.93264169237766,27.7534683246501,22.68694128052573,54.211941977107955,49.72029345574191,0.17465553933270428
2016-01-01,8.381794233959775,8.381785515811869,-3.2829367823071434,-4.434332375910951,95.02288724617323,29.946318360988837,104.65421265385059,424.2265438207666,181.91674702048076,23.056971958675987,31.447738029388578,-154.73583981164415,438.3604407962231,223.2257684833664,-265.6332637727778,1051.5293482137954,296.44822743135455,299.7679094303747,0.6768577633510596,0.27088380176902394,0.5067903510490263,0.8460293848339691,55.934431392915414,55.60477026032104,259.835621252753,242.52851608251933,26.61790943037471,23.298227431354576,42.4074952894114,191.594227950664,-1.6811038249064865
2016-02-01,6.729604237235043,6.729612404969554,-3.985149901324302,-2.089963544945538,115.34725553570175,30.67222653520813,139.59605322686082,420.2061240007915,214.0113505564247,26.668910941701927,35.696720504435035,-182.14041777253615,443.96565257445206,240.19539838599903,-293.7125420779671,992.4831932706456,296.7196024060147,300.01401382202346,0.5258060006464939,0.2468181979608213,0.3362164936214956,0.7076088456016785,53.13607273323785,52.93035685659228,195.15852287981625,194.7225811623135,26.86401382202348,23.569602406014724,53.51714369196807,132.46825412138858,0.4242151971912449
2016-03-01,12.731193232768664,12.731315324684385,-3.451979837404526,-8.462300413859221,99.9156334492813,20.232239108135573,87.99790699009884,424.9210230990498,171.82267657934415,21.96821990128685,27.53645070969284,-146.80258384033007,436.02149220419676,203.46091512698777,-257.8346333839192,743.246907578407,297.1461079139186,299.36758599100415,0.816183446361207,0.3583856827949206,0.4575934790231412,0.9088340125973112,58.63023728670994,58.213631079844475,394.6669902158286,368.38296657072874,26.21758599100417,23.99610791391865,54.373718256931426,323.7227908051585,-0.8817394267796459
2016-04-01,8.268172899931988,8.268142345088926,-3.67274308786275,-3.797968539202967,106.30554785152559,21.82740023277383,111.7023393130743,421.16135038937495,186.06051240262485,23.26217091319677,32.72555473899993,-160.3943161521513,410.6030625560214,225.53701291378655,-264.4622637982078,975.0463476107795,297.06557003506856,299.7691882669661,0.6827287792016067,0.2904257828194617,0.3309217358516762,0.7961325009023021,54.736376615823566,54.451182668054614,248.04518699795966,239.24022989261937,26.619188266966148,23.915570035068583,38.925250884421246,172.32411959666308,-0.4641866711480418
2016-05-01,4.72353432836533,4.723507047986541,-3.612665055363896,-0.04610105924003149,104.56681207130111,23.327075253922846,124.00680176076001,416.10499759139907,191.63021700043794,23.2109391862911,38.048353606192755,-166.35214343402458,379.7013558471692,241.4525345125628,-264.1593247747717,1128.0060030497366,296.7803846959018,299.8848537003852,0.5803166920952331,0.23272223333846342,0.22655606464673037,0.7044090919902752,49.934021355470435,49.76085659415843,146.42956417932524,136.67555115701794,26.7348537003852,23.630384695901796,22.70679026220887,54.405626845317826,0.40990250260786354
2016-06-01,2.3207064416022773,2.3206908811099947,-3.4921769720294065,2.1275564148945447,101.07877308803485,25.049402688434984,138.2543839198848,404.58038422987164,197.7188045472417,23.18790010297712,46.411770433998484,-171.994818498103,362.25511593903605,269.2307550161549,-265.8069761930926,1354.8103798841057,295.2382405068417,299.5184352133816,0.272011216593639,0.18564092356928993,0.18918256622203347,0.47667169058091924,41.918142680240315,41.81353679173006,69.62119324806832,67.14962040248827,26.368435213381645,22.088240506841714,-3.423778823062264,-36.80780379624352,-0.5451277123653142
2016-07-01,1.0902855672071146,1.0902217283935707,-3.148699985880217,2.4357794708788116,91.13734535594536,39.77863489951541,168.42284178481162,394.6961518753707,222.99398227538524,25.716600472936285,61.48003715138784,-193.92813321997997,369.50812331742077,284.2305721556884,-284.9096187497101,2140.578228594653,292.67120899091486,300.32295668409375,0.12078172303696451,0.07365107814949248,0.18533147408189432,0.3081318287502936,35.20369332108083,35.137466979240294,33.798852583420555,31.545767603980632,27.172956684093776,19.521208990914886,0.6790465940217132,-60.44464697107436,1.5321158131313553
2016-08-01,0.9778633334866511,0.9778096880270172,-3.097191732290704,2.547510522129894,89.64666166030995,53.67387733736503,181.05372731070517,402.1218890824495,239.93218041560456,27.783183877592386,62.13646957772283,-207.81124171059864,395.7710768986309,277.8830117173786,-307.0417110728929,2477.6166295262738,293.2689508150845,301.3554596185248,0.25811158507619775,0.05994991965335224,0.15698995588158243,0.38907717791628277,37.31957950376767,37.24858062636176,30.313763338086183,28.293104398929895,28.2054596185248,20.11895081508453,29.158699355514273,-34.5490910410666,2.354233135200829
2016-09-01,4.275667296167866,4.275691194961471,-3.531621521868193,-1.0948505581233159,102.22090776313699,46.506923666752776,158.21867345990862,414.2735812111931,229.74725485442718,27.414862021203007,47.13206450136862,-196.59636134080574,423.1235709420863,253.08864173145415,-304.7459126094281,1532.0624485778008,295.5699595265577,300.5434085129441,0.4657491821382587,0.16567057914553274,0.2121579637505033,0.6112970765611128,44.754307734295416,44.61679173892878,128.27001888503597,123.71791652087589,27.39340851294412,22.419959526557705,51.65727087797396,72.41781422616552,0.7364654095473355
2016-10-01,3.944822328224148,3.9447898580054566,-3.880138003858601,0.7327228135011113,112.30866449415944,42.45498678470532,165.8994976062432,414.6370494992177,238.25380375615032,28.861429682598054,46.28482648154336,-202.54177844547206,437.42065664718365,246.3829175844907,-311.74950529744996,1727.4501633113748,295.9776853143268,300.562531239834,0.5523949791558684,0.15616739142746605,0.22136922604441636,0.6612625377167669,46.00597320979388,45.85798391301847,122.28949217494859,114.14322505802826,27.41253123983404,22.8276853143268,65.36658771295924,65.70784759176411,1.4933006850639572
2016-11-01,4.899900819743058,4.8999381649737295,-3.8825612941156145,-0.5390497063029638,112.37816036964843,39.58002005996361,155.3933848072521,418.0369474227346,231.25154042705591,28.21991965933003,42.34595139750039,-196.2315425394123,437.0881733217235,236.83580686950523,-305.980840993165,1436.2200055518792,296.5171053033738,300.48060524079847,0.6805375207862864,0.18943876631450235,0.21898586387408306,0.7636551272099688,48.81753772222323,48.64658942451874,146.99702459229175,141.78061819947135,27.33060524079849,23.36710530337382,69.14503412365974,96.62008124118279,1.9274107122998743
2016-12-01,9.25349487455632,9.253482206510787,-3.585243942259098,-5.574633322844419,103.77281475825733,29.122165634896014,113.53703975712217,418.2654690800668,196.679637361315,24.491370329432534,35.15849887803735,-166.78897152706628,433.8665370961075,211.2126308130138,-276.0520309388437,1064.3677831559207,296.37144936982816,299.29745097285905,0.7942186798892358,0.24608421022402477,0.35109574006876987,0.8729754517911774,52.39378944752819,52.11598050212532,286.8583411112459,267.75122125320564,26.147450972859076,23.22144936982818,64.83940012582991,230.08231436490263,-1.2645077441244013
2017-01-01,11.305236408097691,11.305230712953877,-3.6327333276298654,-7.272457034735447,105.1473194277919,23.001906723778347,98.71366260483703,416.51214684361184,187.2190661426972,23.630098659651146,32.041407749646744,-158.85895948633657,438.4935730963389,202.1742459609619,-269.55508963982777,836.1216724017864,296.27365920013926,298.62643796161166,0.8089595615122286,0.3235696152933163,0.33609104709161175,0.8916483754398536,52.68296300499838,52.34437573055809,350.46232865102843,327.11894424056356,25.47643796161168,23.123659200139286,67.38084367886586,290.68414290651793,-1.3316744148804105
2017-02-01,13.801861540343864,13.801861216016668,-3.2413112503135513,-9.631566459822423,93.81786819692638,18.5323626105008,74.2136300830812,419.0175573452491,162.30859063294704,20.863720959228928,27.237715390198943,-137.97562065156197,443.9562019798067,193.2742353080451,-250.2298164973176,811.1688836045291,296.31423689975634,298.3847810056332,0.8703897241492617,0.3690596427103505,0.502779433446783,0.9448941966812475,55.489954169922875,55.021336217739695,386.4521231296282,399.3594101856675,25.234781005633238,23.16423689975636,56.95558118927249,364.10944872407777,-1.612325546064156
2017-03-01,11.417130210724592,11.417072702988234,-3.573263594114959,-7.353720442221821,103.42584442239622,23.812841213781805,99.81916596621429,418.25643613075243,185.49548632247374,23.494819047481567,31.07143152801705,-158.45295428404606,436.10479667424664,205.57640857199812,-268.5283009620267,781.524828941332,296.5014578140547,298.775825314899,0.8223486860651934,0.33346740805110586,0.3696563825830573,0.8993158733640484,54.23229293067992,53.90216780376648,353.9310365324624,330.35511293368734,25.625825314899032,23.351457814054697,62.951892390028604,289.73832378146875,0.1428371198509666
2017-04-01,10.144362903617317,10.144244517699232,-3.58812136694962,-5.955763396924251,103.85591154419845,20.772814859638032,101.22613305598117,418.6831799156234,180.5693841645385,22.719330207908857,31.380237362380456,-155.556045875539,410.7996000883571,216.98104579811448,-260.2254401803287,738.5576076446354,296.78556922726443,299.0726598193039,0.7334170884139005,0.3271414902304698,0.3048287542965344,0.8421028783657489,53.55013547804815,53.27143594152925,304.3308871085195,293.52559368342685,25.92265981930393,23.635569227264455,43.24439438221421,233.36699441212053,-0.45291789067792365
2017-05-01,4.229889788579344,4.229767546202965,-3.6918496440233945,-0.30903336122513264,106.85853340631549,23.67860515341297,133.54150360785692,414.4493663719025,196.57643865080004,23.771378426510374,39.335414745673965,-170.70299072210048,379.8681513039312,252.49259323408157,-267.7287639087571,1065.865273663982,296.74844031860675,299.89737688439766,0.47740796568450145,0.2006970216285998,0.2304816626375469,0.624812813697297,48.484480584946766,48.31938023191739,131.12658344595965,122.38910723966913,26.74737688439768,23.598440318606777,15.236170674675549,29.936307091331145,0.8304374166980466
2017-06-01,1.9655736804156319,1.9655012994780003,-3.3849800620302637,2.032953422754135,97.9763836670651,26.725946887227913,144.87557099965213,402.1742617264673,202.7240199764961,23.66462038057586,51.04649703204634,-176.28041477877764,362.2528551852171,272.5002374664714,-268.30527735407526,1662.2538782620466,294.3461684256969,299.83982379788813,0.2673978406808166,0.11441442382020697,0.23184612997882395,0.450909725329181,40.49551207132113,40.40509799603915,58.96721041246896,56.87214408211807,26.689823797888153,21.196168425696897,-4.1949601123961315,-45.83078688978145,0.5315871924382947
2017-07-01,1.1097064619339911,1.109635473202931,-2.9999356504697565,2.538106559484739,86.83122920068843,42.02329254830018,169.16997921227687,392.78158334373893,223.2431330074833,25.705502722517924,63.39314803248203,-194.17004049357686,369.3097144952834,279.1621050921053,-284.9452333906787,2206.6144827987155,291.479149364031,300.1534640829856,0.14041272798931034,0.05015932158772085,0.2112959083494536,0.32402927982593666,35.19168470519101,35.12440426150719,34.40090031995373,32.1075079051774,27.0034640829856,18.329149364031025,5.783128298573388,-50.86296370904387,1.922370712106229
2017-08-01,0.44044870913935547,0.44039569974719145,-2.903567764618368,2.576703429399098,84.04184703792554,57.75201269730332,184.48358883890623,403.12600925170784,241.3691043812244,27.923838081249585,63.6901333290907,-209.07406246310214,395.48131620842736,285.46160462605815,-307.5018612142997,2373.300945340822,292.91966623092003,301.61017740510977,0.11098918394195158,0.051628145712023864,0.16879380879853514,0.2835010270862237,35.965668181169015,35.89835933263475,13.65390998332002,12.742931126944196,28.46017740510979,19.769666230920052,22.04025658824156,-52.84872872152238,3.590069398782603
2017-09-01,1.0717471999999169,1.071712849808484,-3.0695703854543233,1.9412226938371198,88.84669430704483,64.63995596353783,192.5268832522429,408.1893914160754,255.2034509823063,29.995174056895994,62.48465166681287,-218.3167454301473,422.88532336735585,274.6285795786376,-322.3506662162036,2417.7122058897385,293.0727964215459,301.98756362069884,0.3087980873765885,0.06428985934480705,0.1847311806838325,0.45069899988395984,38.922211412554475,38.84019060348854,32.15241599999751,31.010209774551043,28.83756362069886,19.92279642154591,47.72208663756601,-12.459841387679546,2.3454434927517696
2017-10-01,3.132702781049786,3.13262972856341,-3.4437353685263172,0.441912993969356,99.6767807984727,57.31388083670075,175.03913308893624,416.13901319470386,244.91056222318926,29.45488324883342,50.37258695298609,-208.19215890817568,437.31188267959305,251.95316077504515,-316.93438025006253,1798.1538717049912,295.4670232848719,301.2099741835444,0.6089302332526887,0.13842157716130293,0.20168373867092126,0.7003173606755478,45.01440820311014,44.857739937819986,97.11378621254336,90.64322131259867,28.059974183544398,22.317023284871937,64.98121947501738,55.11874966912721,0.828910320016135
2017-11-01,4.261773145941656,4.261650501944828,-3.680556618472531,-0.4581767978873528,106.53143684975637,45.541436583321804,156.29736005854357,416.96503395905063,231.47352911553955,28.266331297569916,43.96565186586025,-196.5400662210681,437.06267059802957,235.30451491470782,-305.7237378699699,1615.9152675536911,296.09406975059983,300.4308627801608,0.684003876949205,0.15841029653297772,0.27160020932396134,0.775230922852004,49.057515528677875,48.890079559303416,127.85319437824968,123.31164646831101,27.280862780160817,22.94406975059985,70.41922295526209,86.69789165168706,0.5015409221296636
2017-12-01,8.209200547180034,8.209125233989804,-3.550327961578505,-4.13019689325983,102.76178716740904,31.675630938595493,121.45515178205052,417.64306742289665,199.93255233194884,24.77720637794178,36.75267813068236,-169.62178560819726,433.8058763506988,222.55449957077042,-278.4366785566199,1136.5831666827758,296.19288645879817,299.35467550479103,0.7192567564242487,0.2194464821082606,0.3810940758891358,0.8317607239965252,51.814910885740844,51.55021537269575,254.48521696258103,237.53255885387165,26.204675504791055,23.042886458798193,55.882178985849464,192.2212613008017,-1.568310628489641
2018-01-01,8.584075505579213,8.584030214317787,-3.8083848683367876,-4.8051642259747185,110.23145353529716,26.279076520739366,115.8162138452106,414.4239055150566,200.34196492186268,25.086206079966054,35.012962729032644,-170.07206443246596,438.3707042576263,217.45819213268473,-279.81371440656403,904.7239646286378,296.0992867147189,298.72221111438455,0.7496656654603336,0.25870018050565197,0.3491611990820785,0.8568164004057146,50.876703485348465,50.63325426146965,266.1063406729556,248.38050388651004,25.572211114384572,22.949286714718937,62.3555222738793,201.9560009776954,-1.4514283526032017
2018-02-01,13.496141280554584,13.496063001261852,-3.3475592089238493,-9.386002969610008,96.89279262315561,19.91380761519756,84.39420796542944,417.7382389106029,169.58812813117672,21.62287259597357,28.90514700555657,-144.176310155953,443.88924378825305,199.95347098937617,-255.86368416266464,847.1638958690878,296.17380119583964,298.25465546413307,0.8088801180346504,0.34097273616558305,0.49075699303685955,0.9077748097309943,54.43115159766222,53.97282148781966,377.89195585552835,390.5110822124378,25.10465546413309,23.023801195839667,55.91021317328847,351.06393985052745,-1.5354370879567512
2018-03-01,9.447115668898327,9.447085099755064,-3.689197593332943,-5.27336975215135,106.78155690900783,25.072938048232306,110.31827302362831,417.8376371042502,191.8959640866167,24.095678583916957,32.39482654586402,-164.09389534263397,436.1833919640908,214.81581949064372,-274.06424944082204,845.7920720958726,296.4780140612367,298.94547358336695,0.7495295643138965,0.31155473831455766,0.3555055235261439,0.8516749125751584,53.23375493924811,52.93116607822547,292.86058573584813,273.35315682161644,25.79547358336697,23.32801406123673,59.24842995017832,225.9754560232571,-0.15542616047018498
2018-04-01,10.091746141169782,10.091670305789771,-3.4930159074186875,-6.252553007987325,101.10341963217773,20.043507134471014,95.63417265073656,415.50603466222594,177.0821059745621,22.14322995415787,32.00963674840756,-152.47345737418715,410.9921340523449,208.76853305943825,-255.95542870577736,814.1220525177463,296.34667998233505,298.57512796327813,0.8361486210746449,0.29081715564956867,0.3600824206941461,0.9025824949001755,52.3176735441147,51.996782918779175,302.7523842350935,292.0043491258614,25.425127963278157,23.19667998233507,47.18689564633911,238.77093128089192,-0.6831061408691568
2018-05-01,5.936198585513137,5.936184059437126,-3.5731039525204062,-1.835741404864027,103.42137445897394,20.022955580090002,119.17229211054922,411.26811683915395,185.99806798388516,22.54962307214486,38.200919134823664,-161.30945095270621,380.0330723463673,239.56524233374563,-258.5205087038777,1081.0437344713434,296.1095338990281,299.0720645401813,0.6128471935569415,0.2266079307012474,0.28868155990406563,0.7366093983488352,48.89281829096846,48.69929660468329,184.02215615090725,171.7645850531576,25.92206454018134,22.959533899028145,18.95526637013205,87.63427518549709,-0.3357982211813919
2018-06-01,2.0540725564284115,2.0539766369444856,-3.4928878541030985,1.521676154028052,101.09939207626515,25.566905455848353,150.0443756083201,398.40258090415364,206.60369149193681,24.043094591426666,52.23933470160386,-179.67177755323365,362.2495303251709,277.93415008794716,-271.43789175321217,1531.4791717558285,294.2663344677583,299.3976335182965,0.1835128165457985,0.11833315743590712,0.20222633046814723,0.3782917655413733,38.61345546476165,38.52849992825907,61.62217669285234,59.432194356032575,26.24763351829654,21.11633446775835,-6.496258334734989,-48.929601374483845,0.7661453195162835
2018-07-01,1.5755626791992716,1.5755068763342936,-3.070818709736067,1.3621923217430474,88.88312523658254,38.4679169991816,157.90291890404555,397.6645833781298,215.0075185304948,24.98361234291774,57.57139119334869,-186.99819923452543,369.10955263523334,278.6669208526195,-279.07475344796865,1926.3514419876308,292.91167097622093,299.98375256496803,0.20154563297628014,0.0934481880968957,0.20405166869338673,0.38546097184801587,36.77859237887513,36.69931147916773,48.84244305517742,45.58758322726544,26.83375256496805,19.761670976220955,0.4078325953491344,-44.96347521938057,2.075765805412601
2018-08-01,1.1592851177231718,1.1592695428905728,-3.1984754388278644,1.73946792197636,92.57808367277056,48.01852027933375,169.91276972294597,403.1772349049997,231.1156378589342,26.882148167450946,57.02586192572712,-200.15243455393278,395.1881530166217,272.9559919869392,-299.88042914238406,2118.2880704457502,294.01876251015887,300.5927750087867,0.2847592615565807,0.07710349927341965,0.18678948913031082,0.4416207004785092,38.073397492192676,37.98806173884752,35.937838649418325,33.54367890308371,27.442775008786725,20.868762510158888,26.924437155444878,-34.63993629034331,2.5299686761013334
2018-09-01,1.9983723135450229,1.9983088035127161,-3.5045752422540546,1.4483153614252369,101.4378501682191,52.69381600126758,180.0293856413129,410.367467678734,245.4683074394859,29.04723428627387,53.35120631782135,-210.06485178988203,422.6433438455783,265.17984943665084,-315.97329022219026,1838.3488446955441,294.98261771411694,300.85284134974364,0.37130557645558276,0.10930407023032819,0.1864519996779904,0.5140450341723085,41.72244592990316,41.61858654014781,59.95116940635069,57.82143528682628,27.702841349743665,21.832617714116964,50.79344078553942,4.595046601572598,2.5819793025739983
2018-10-01,2.744605361825579,2.7444919865324464,-3.7766340557678912,0.9125626062091015,109.31238813200613,54.366172403078416,187.2792162287848,416.1929375368036,253.9940894178314,30.47698209812149,49.80576485660019,-216.07178864278768,437.1978183479881,260.3254116421489,-324.5547795231076,1752.1088696130719,295.99149236838053,301.0499094453047,0.4913798485090811,0.12603525864144413,0.18494349158476608,0.6072420262436891,44.67536327763499,44.561832574418105,85.08276621659294,79.4123838695731,27.89990944530473,22.841492368380557,64.2293678809587,31.74190036742275,2.5874632511029176
2018-11-01,7.451599259885672,7.4514665629836925,-3.6545634620605583,-3.732223995368761,105.77902281631448,36.464489372771695,134.60432988685645,420.12052986294236,212.36390580258487,26.1672743787919,38.80916561536735,-180.2170625304068,437.03324073112395,224.96144375858995,-290.602433104729,1286.418090605248,296.4211813562965,300.0669367333309,0.7472711695614038,0.19393921641255257,0.321210324122594,0.8266002774425728,51.96057386374658,51.71780271495679,223.54797779657017,215.6095649011485,26.916936733330942,23.271181356296495,65.64098934613907,176.30714670501982,-0.8356152740467451
2018-12-01,9.750972004549407,9.750876319213171,-3.558573902925788,-5.59212897228985,103.00053294670845,20.963564321458048,99.52386017039105,416.40420167740837,181.48626694767776,22.83659502595279,31.634033782913942,-153.73013929807922,433.7429295695393,212.7284954147736,-263.895088261145,865.1024207790515,296.16557139661575,298.53087031123965,0.7257554147122501,0.27774902005441615,0.4520448586998499,0.850066876384557,53.16724886679556,52.860993838443605,302.28013214103163,282.14341201427,25.380870311239676,23.01557139661577,51.16659284637143,232.1774636669342,-1.8679917530012204
2019-01-01,8.986603921583463,8.986433231487295,-3.6736999160854036,-4.669044886004201,106.33323609096921,23.022197872418932,108.01489293658479,416.77489536621613,189.88279122999663,23.900418361111335,32.2314496788018,-161.21357574648366,438.2967424116157,220.59039742915724,-271.4188188218828,900.4294680314506,296.2508837006806,298.61593335414,0.6928899818759477,0.2850599656484911,0.4131560288332188,0.8397437165685712,52.74770446678214,52.47374791660532,278.5847215690873,260.02410970738697,25.46593335414002,23.10088370068064,50.828421392725545,204.89260290484958,-0.37330789570627587
2019-02-01,11.520597678028816,11.52048147094869,-3.4742421297228896,-7.568643652318997,100.55968365407865,20.9748952827929,91.4158824829129,420.15872632764064,175.9433233778813,22.40204058428657,29.397948483776457,-149.50700098240466,443.86980265738646,210.02107086836878,-262.0710272033886,848.8691550342295,296.46826035111644,298.674092906163,0.7882079452743154,0.33689492939039134,0.4697996718399319,0.8987881770615713,55.0786941669396,54.699596134194294,322.5767349848068,333.34726478439495,25.524092906163048,23.318260351116464,52.04995633501983,286.26306390357945,-1.4255264382433523
2019-03-01,9.548732777274628,9.548651620331173,-3.5682271135804826,-5.093248488113749,103.28010965601383,23.648851324215066,103.29084535550523,418.5175169655069,185.21564599607945,23.459795833103346,31.436824868968547,-158.40639374432087,436.30859072963574,216.07835532991575,-268.65338957988314,914.6411869339116,296.4514015245218,298.7955982060931,0.7659190445659546,0.29766723719522037,0.4203527263605424,0.8751205386095399,54.559378992014864,54.22503429006097,296.0107160955135,276.29200290310104,25.645598206093098,23.30140152452185,52.57503424996739,225.54631960193117,0.040607895123415005
2019-04-01,9.650019256966761,9.649829100937861,-3.588176519424119,-5.460500998262181,103.85748761908773,20.408972995216576,103.86705429008889,419.4023512491639,180.37179708128707,22.606760299973846,31.298555955265744,-155.45652333445594,411.22920653607343,221.94945437362563,-260.39837267277437,824.7019350711648,296.82705909196835,299.02093011451643,0.7236836795071213,0.2937560620040233,0.36128574598503854,0.8359742883036743,55.06363113259177,54.757887789703034,289.5005777090028,279.2195920410261,25.870930114516455,23.677059091968374,38.448918299148744,213.91951595620122,-0.10849323511411058
2019-05-01,6.181127052202561,6.181028002012202,-3.598462667033491,-1.8131948164452525,104.1553948074785,19.383897661166902,118.73086961281858,414.8625747444147,184.47060173609682,22.40292418364845,36.637861834903404,-160.09129218514028,380.2406393534777,244.7692981725876,-257.71660136266075,998.2199334497163,296.6762298188814,299.31484928540226,0.5999083270351214,0.24156027941805386,0.27388949532633433,0.718762048711066,49.659311297786125,49.459913607095984,191.6149386182794,178.84918987303828,26.164849285402283,23.526229818881404,12.947303190073143,87.72696037404145,-0.08586211840852798
2019-06-01,1.6686350868375512,1.6685846086944256,-3.588173973966972,2.8687184838076796,103.8572895836648,24.289193528550538,147.29679103078053,404.52552121613724,205.01085034090988,23.933031808530632,49.24321541156027,-178.33015533550895,362.2874123769073,270.60903345597666,-271.0725698743281,1787.4724695201094,294.84088864068923,299.82378216367437,0.33621310440826213,0.10172525015137672,0.22455834021746138,0.5070014741568253,41.34033256746011,41.24908521635261,50.05905260512654,48.28080464972296,26.67378216367439,21.690888640689252,0.46353641835145254,-56.05340532732372,0.9404568117333412
2019-07-01,1.4207018622133116,1.420589261853788,-3.3070575734686867,2.4720411378932923,95.72052230797867,32.63103532058682,154.21220018988436,400.1641910189092,211.17905800042143,24.561958746872477,54.19451080507713,-183.72907023372883,368.9512521933898,275.94619114875195,-276.25138742769633,1851.5650216444683,293.54767296472073,299.8200259729002,0.1516193582091851,0.08089346021760681,0.25095863538529084,0.3733377137609661,38.434044250103014,38.34926985757336,44.04175772861266,41.10501336382488,26.67002597290025,20.397672964720755,0.3051962789443792,-55.493314465295626,1.1830018000862168
2019-08-01,0.8696527877578445,0.8695880755319926,-3.2972723194889366,2.840907972443324,95.43749946954516,47.596446715878194,181.35155515816206,398.6764253838401,240.31622985340675,27.75351988333239,62.51407462746814,-208.0699970606823,394.93833296172505,278.84446513313287,-306.43524677150623,2477.348039963405,292.7977310999436,300.8313481544921,0.217327017640234,0.05981755295185013,0.17252585204418225,0.37331292475276673,35.82265197844346,35.7554322435776,26.95923642049318,25.161692000347006,27.681348154492127,19.6477310999436,27.590781638373358,-45.207002078615616,2.5219762477908176
2019-09-01,1.1777848147160417,1.1776733571859832,-3.350975517700984,2.758033701695533,96.99182742636157,61.501206462984605,195.06369482327273,410.8399672871261,256.2233573629132,30.18771943831734,57.99075845394646,-219.3564811610539,422.4466087838791,277.19654070293785,-324.2264051030499,2262.9061759486535,294.7446270496695,301.6621902172825,0.30166335304469855,0.08866845446997075,0.16731869555412737,0.4487051278523531,40.35512914597815,40.26665041482136,35.33354444148125,34.07619667783516,28.512190217282523,21.594627049669498,47.02986440011205,-18.758455166175622,2.872688817761258
2019-10-01,4.4818031799775415,4.48185969472609,-3.851732881861089,-0.308271299650295,111.48607356117488,44.181784631454725,161.59682613174124,414.5613920669151,236.10401317740653,28.64449690143065,44.58926568337078,-200.67513880914572,437.1306594869936,243.4022387453255,-310.7729737409235,1436.7937704581461,296.09420165470766,300.00146159991,0.5997602624157278,0.17911542919190138,0.20312328682283307,0.7114165839462407,46.421563060461786,46.26722778635874,138.9358985793038,129.68344024091698,26.85146159991001,22.944201654707683,67.37073499559799,85.15008674219476,0.41801493314532934
2019-11-01,5.276293168219139,5.276204337956049,-3.770187381766795,-1.0018723871869397,109.12574034936507,37.422671512133725,146.25644269542963,418.06160917324263,222.34987099059967,27.280377373320068,40.47772860492956,-188.64889601174485,437.05176612448184,232.16949517978372,-298.7289058492577,1399.1296383868905,295.93382597716953,299.6886490339755,0.6884700502035751,0.19593392912000496,0.271044149736539,0.7763020676001053,49.93899370173679,49.74224344379831,158.28879504657417,152.66794959363568,26.538649033975503,22.783825977169556,66.559410669474,108.4788643684281,1.6227555453165081
2019-12-01,7.19240933745687,7.192358742947714,-3.7992124298053547,-3.3590634530313292,109.96606320619992,31.17318414725608,132.22037966928957,418.9656958930828,209.7743528226021,25.939680075043285,37.101757697560764,-177.92332921192357,433.72906276081267,228.90899670137338,-287.7480052861287,1062.5124541226342,296.1737057415593,299.4595897603514,0.6499158510329404,0.2368827839360832,0.27318019471989535,0.7602965776104436,51.61019163468987,51.39335863982793,222.96468946116298,208.1122321454778,26.3095897603514,23.023705741559297,58.839008584755334,157.30285336312642,-0.31767583909319796
2020-01-01,9.224038299127514,9.223889559540373,-3.6195474172975177,-4.901075727732407,104.76567325044844,22.623322110817412,104.73860499921308,419.5176251658072,186.78366849656356,23.541328898447123,31.631502513521564,-158.59683205757347,438.2092574389559,216.34497731181204,-269.2015063765532,958.5900298356788,296.1294189109054,298.86778688411204,0.7338111552867665,0.27405819461049097,0.41210870243765346,0.8544193667264965,54.27660781861044,53.97390313250959,285.9451872729529,266.8949525329969,25.71778688411206,22.979418910905395,52.85652906474115,215.4094741645036,-0.42366581721395846
2020-02-01,10.835891965227718,10.835824212889824,-3.4847609241555637,-6.93616943575691,100.86409040017278,21.692254284272565,97.41587474994292,420.98633291160303,178.3735987042848,22.726599594927038,29.798277908956372,-151.72215525805655,443.8128815824699,217.59377596793368,-264.16930105388576,918.4718844245838,296.16111561809566,298.7515563444192,0.725583544406528,0.32865499786708646,0.4651055858168098,0.8583340082076203,55.464940807043874,55.10520435281246,314.2408669916038,313.5365802340806,25.601556344419237,23.011115618095687,46.57552508595208,259.88048225520504,-0.6324673353451828
2020-03-01,11.954387314354719,11.954303914158952,-3.5368150995859593,-7.798164352178546,102.37093275341493,22.992704765356613,100.72740610090152,420.98135955519143,182.14747749729204,23.096332533520634,30.64734852646719,-155.82325143932042,435.8558114308542,208.11627387591787,-265.69707081207974,1024.6285137772268,296.32951123089407,298.9788556015668,0.7944212682771981,0.269644903386183,0.4437649624118157,0.8856655863596723,56.22894253811198,55.82126100214574,370.58600674499627,345.89999751617336,25.82885560156683,23.179511230894093,57.580796936161875,301.29759630483863,-0.18773460591833668
2020-04-01,12.080788789537776,12.080712360265933,-3.434278654852591,-7.654280678607909,99.40295004398185,17.635562244361175,93.61294616641418,419.85742703312354,169.889816706027,21.424644980324523,30.026781173704762,-146.30379164795642,410.43138274144843,207.23541181182947,-250.0363597171772,932.0508820019246,296.4507403364801,298.83536308920446,0.8070096879024868,0.2870339171377658,0.41877659027951325,0.8839388393853149,56.196340532617825,55.76756479874246,362.4236636861333,349.55764931325035,25.685363089204486,23.300740336480146,42.800947905347726,293.7171489887076,-0.7615018140913747
2020-05-01,6.167265307189224,6.166969099915374,-3.6184965053072693,-2.2130183789980427,104.73525396599364,19.741859144962024,119.55489411166974,416.5780242626274,184.77777375365042,22.519403578753458,35.670392955799464,-160.385027234169,379.54069291005527,239.69217581360095,-258.4218021502802,1093.2503886817772,296.34338938677183,299.31556906503755,0.619110415893147,0.22089758408751012,0.3123725121131484,0.753874944244082,52.14782318125639,51.93407718071975,191.18522452286595,178.44239293736615,26.165569065037573,23.193389386771855,18.729626336679246,92.19924414063787,0.23752116741388818
2020-06-01,2.6725947057220196,2.672416397018585,-3.5854419748258985,1.4253234729997148,103.77851130183795,22.800333064926328,144.1658763759427,403.66204571467466,201.38854985281776,23.523258484902126,47.672334531261534,-175.19390966419505,362.1186983472844,270.3947856387682,-268.24336186633315,1530.0588712534977,294.72568323958495,299.42021543627834,0.3048895581716994,0.11972123948838773,0.23389785771451588,0.47889363780506927,42.021901889427724,41.912486866283786,80.17784117166059,77.32686333965812,26.270215436278363,21.575683239584976,-2.1514237724350664,-29.54580250078415,0.9427307661692481
2020-07-01,0.49814995642973514,0.49812697742186157,-3.3802435713459453,4.010521593706007,97.83914917395923,36.76089000725159,175.6348813016653,392.90578979603805,228.13831805655929,26.232979994318026,61.595821792961594,-198.48911235569275,369.38915062112005,284.9682138341033,-289.1742606819223,2100.8174933589144,292.49961774649586,299.81407086404363,0.11523682254899602,0.04168994873247713,0.18154185950369892,0.2847929369379263,34.768815511342396,34.716628771639314,15.44264864932179,14.413396337438124,26.66407086404365,19.34961774649588,4.206046847818982,-81.51295737022245,2.293251381520335
2020-08-01,0.6714176845849641,0.6714286891704393,-3.242544608787119,3.016050450508847,93.85320392648158,49.684503461844876,187.93632045067824,395.39766361164726,245.48099058526404,28.195578032925287,65.4539764069568,-212.55039183171917,395.64822662618593,285.6691733143905,-310.02070764324867,2741.0624936115673,292.29332275683225,300.6323614910817,0.20729268360668912,0.04399656059883618,0.15872446767749507,0.3447433753094336,34.14973514377437,34.090381970085886,20.813948222133888,19.4279134597928,27.482361491081747,19.143322756832276,24.35153432885818,-53.6324641742665,3.5587080364359025
2020-09-01,0.9514398059574269,0.9513499953561678,-3.4072623579627463,2.6697403195526506,98.62073333223407,57.874286825228616,198.71191980196258,403.4634485188598,260.4962205452364,30.48269983450408,62.5810309301194,-222.86830066566193,422.9772469493298,278.9696190709609,-326.28399098523744,2357.239194620023,293.2236234373575,301.1116993640714,0.2547267170786281,0.06821794860146589,0.15165711177800467,0.3832534740418314,37.01312096832751,36.93928942715589,28.543194178722807,27.527488291555784,27.96169936407142,20.073623437357526,47.314371914276535,-27.571122704481603,3.7922495780798613
2020-10-01,1.5836751463932144,1.5836163430761794,-3.5564076424415916,1.947692396068849,102.93817803335232,61.19715813725255,196.2783030824315,413.23955420317805,261.1358011604474,31.33162985086716,54.3734962173354,-222.08472553436567,437.2516856900001,260.87183911340907,-329.11071678517266,2212.22741305342,295.00413114542437,300.8471571349163,0.4973616346992672,0.08303536281767807,0.18649763280218967,0.5969146576363887,43.08376138965736,42.97499886877961,49.09392953818965,45.822232149195,27.697157134916324,21.85413114542439,68.23887767176359,7.547038641180869,3.5758931464254005
2020-11-01,7.266354331380463,7.266306829693266,-3.872700714196186,-2.667234171413677,112.0928884521244,29.699376895873844,133.01326628269527,416.59163657364826,211.46119245026472,26.104998639146114,38.50760548958741,-179.322383898762,436.9111884440983,224.5186672999108,-289.4723190150565,1316.2371133691056,296.0373197364254,299.4532994771609,0.7160937294918209,0.16477052842011491,0.32904478357249806,0.8026169661417052,51.130724181171786,50.861625542950165,217.99062994141389,210.25193372955053,26.30329947716092,22.88731973642541,64.9536517151457,164.09018393139547,-0.9774869388236311
2020-12-01,6.357920850905029,6.357888385872128,-3.820439754805633,-2.145666941208459,110.57992102442246,28.65976732303823,130.4892399275545,414.6137982662834,209.50595230442082,25.942176768150766,38.44968343225136,-177.76257865432427,433.70174041677967,221.9549701888335,-286.2178688988048,1213.7413181035633,295.9694468054336,299.1223119683767,0.7653625473598552,0.1830822671903523,0.3244232469720807,0.8399093920319112,50.31441696084011,50.08824851491663,197.0955463780559,183.96667783194815,25.972311968376744,22.819446805433643,64.2628987099713,137.57644864288477,0.07320687461221098
2021-01-01,9.031555111189755,9.031526831382015,-3.739844175466016,-4.607458931837034,108.2475614132777,26.077961271017788,119.28686805835478,415.29726359015365,199.15526012366635,24.85918431666456,34.94301224989823,-169.05924430753325,438.389170251768,216.76937925068611,-278.4877575281163,982.9797599620372,295.92338726107994,298.57143484355004,0.7405126605957708,0.250251491438204,0.3856473564530802,0.8372091378863412,51.62519862381861,51.32660710424382,279.97820844688243,261.32890137100736,25.42143484355006,22.77338726107996,61.71837827743016,215.0090088618203,-0.2092906266604615
2021-02-01,11.463706311830412,11.463644019866727,-3.408915871001617,-7.554935352823996,98.66891881282513,21.994965733330492,95.34236967507525,417.7091041399906,176.45972967592732,22.468293514777507,30.622901638924304,-150.14662834654908,443.85083315658835,207.35605431527216,-261.25997368780196,940.8993917181157,296.05315721677096,298.46738461483386,0.7723241268505452,0.275480438855632,0.5292435063280768,0.8744130227009851,54.49628767896405,54.058439323247455,320.98377673125157,331.7026626118845,25.317384614833884,22.90315721677098,53.9039193725298,288.07782101012,-1.1401578385308397
2021-03-01,11.552011541644234,11.551983186408926,-3.473477597514677,-7.3918564154868935,100.53742078778578,23.524530323743303,100.35241397290021,414.7709943078132,182.58378848895254,23.12975844310533,32.31007159295879,-155.99129479665476,435.98676799166407,206.78405668975677,-264.639195174808,923.0848934828771,296.0143255432176,298.31269171727365,0.7968210675681664,0.2689227539149482,0.4558083488752025,0.8823515642541876,52.89366727674859,52.482717149315604,358.11235779097126,334.2587727548879,25.162691717273674,22.864325543217603,57.855138485051214,291.9572183599864,-0.38072790783311916
2021-04-01,8.292050078329975,8.2919989158145,-3.7100509970812974,-3.948752899892302,107.38501326386825,23.7496674166236,118.23416224269455,415.1483471814729,193.22927827457983,23.936395531059457,35.19211757945991,-166.49815002425177,410.6728920125403,220.16013943709765,-269.2103480096322,1017.9136457874428,296.38686928377064,298.930618355061,0.7558539303347797,0.23414161908890813,0.34647845493287677,0.8420973617243228,51.87565209490633,51.59686502802747,248.76150234989925,239.9305241844473,25.780618355060994,23.23686928377066,49.05020857253453,181.42436772881356,0.1713517643000273
2021-05-01,4.100300828853885,4.1001456553316,-3.7828904756389354,0.5387777508213357,109.49336073606746,21.9274507181834,139.4942933401371,407.2990152649082,202.1633399823174,24.2137184595763,43.40285687779856,-175.47930787959785,379.749219316904,248.81205195547074,-270.8285167382604,1551.349135295354,295.7718143238609,299.2552617627113,0.5220285516745645,0.14812556780883104,0.2612721505926212,0.6449271801146587,45.93363959932231,45.77862425706215,127.10932569447043,118.63847382325231,26.105261762711336,22.621814323860917,22.016464782789683,30.505938322426104,0.6556395475484322
2021-06-01,2.4263230758930594,2.4263078454321163,-3.336266265398664,1.6505166974226757,96.56630539090239,28.140808844774796,142.53953913835812,401.68692631298904,200.65617948617134,23.42420532229556,49.60889987047457,-174.52551903330667,362.1560576718642,266.06740216980705,-266.73195920877066,1781.5541630713049,294.76949023302666,299.40096860398523,0.3285196052507801,0.10702842882155987,0.22819409602088978,0.4888003246316772,41.21899197201074,41.11146319440835,72.78969227679178,70.20566682384596,26.250968603985257,21.61949023302668,0.6645570389636077,-25.90558645524773,0.2095049271549101
2021-07-01,2.11141666788619,2.111384270819772,-3.2073569885197872,0.7661560449839595,92.8347388870071,36.231447040323175,160.98795868926328,395.59636849733386,216.9593112391756,25.12497317103481,57.56183975299556,-188.7273722209618,369.2314207880257,272.6755544400617,-281.04808371098824,2197.224964378086,292.99449001029365,299.6844203322582,0.2745598322848073,0.08294140682197011,0.18976230561773763,0.4140851456985064,37.71767342396878,37.62625571185517,65.4539167044719,61.09329487325729,26.534420332258208,19.84449001029367,8.37252927092652,-25.468261283459256,2.0993465406359633
2021-08-01,1.46339740597178,1.4633823241445776,-3.1245792000720103,1.6714979889765895,90.43880926980843,49.03712460042217,175.23669704651593,399.2485023669527,235.77772446675965,27.25828000860368,61.59136615252816,-204.08079580492134,395.4015454788915,275.3928303229159,-303.0113195215793,2304.55120366359,292.6812654714908,300.7722245333745,0.25865017835946086,0.07369094682004067,0.17562728566663463,0.39689628582493525,36.73207783378909,36.652869748102496,45.36531958512518,42.34323854585005,27.62222453337455,19.531265471490826,27.618489198663383,-23.490577307457563,3.0134957821625648
2021-09-01,2.270218336266932,2.2701044953597362,-3.585533341796271,1.2327789531072302,103.78106037279785,51.421490859031756,179.5483227321809,411.3245885806344,243.59690067727684,28.941358193253013,51.12452465058192,-208.55350099265692,422.7854167566851,267.1385079286926,-315.1358617120642,1782.2660297616642,295.3943181272621,300.52938386846233,0.34152116641465735,0.10693767096487974,0.21656225485834152,0.5030266841709699,43.29959455918407,43.18641504516344,68.10655008800796,65.68589396295533,27.379383868462355,22.244318127262147,47.99735378337158,7.675762263283666,2.226425110245387
2021-10-01,3.6523468617673838,3.652265560846004,-3.8901132917203447,0.17044151853719255,112.59694368339568,48.02291276451909,178.19713461467347,415.6017866994929,246.63088462903096,29.813694709649738,47.06783355601113,-209.715754706813,437.19021622276495,251.36594030103933,-318.99967307076497,1701.3413311166335,296.01050523518455,300.38259871132345,0.5372721708896862,0.12725455346976494,0.22830773185750133,0.6495343797005403,47.06523813654608,46.91996127901209,113.2227527147889,105.67898034855337,27.232598711323476,22.860505235184576,67.63373276972564,58.687704731996234,2.028064702887093
2021-11-01,8.11884808554989,8.118818006896346,-3.8658060614984233,-3.6220063564330593,111.89345244098644,27.796462195541892,128.99777568915755,416.8790167020231,207.35943341338856,25.739079071563705,36.49007648658746,-175.9327028529792,436.9339895193202,222.08256267496373,-286.6170309541977,1071.158074882611,296.4295622719773,299.2793475021707,0.7271308444507096,0.2003616480805109,0.3580986368305952,0.8188969891651943,52.096581919997256,51.836940308274876,243.56544256649673,234.91950251436185,26.12934750217073,23.27956227197734,64.53446827923395,187.80780662274597,-0.24728827013660748
2021-12-01,11.31989103901411,11.319827566809264,-3.4151312948565846,-7.314455528715033,98.84865286597473,19.285395832957942,89.11573378028169,420.6173434366304,173.2597161906347,21.955200377965124,30.202793101246552,-146.9453551393505,433.6881872505797,199.85109986543546,-256.82287948679965,923.8358007880755,296.7539991914217,298.99298882614585,0.858907784802126,0.25005220793142086,0.4746887095684583,0.9288688529201907,56.20409530425154,55.80965636783578,350.9166222094374,327.5413069099903,25.84298882614587,23.603999191421735,56.97177962136419,287.0559203262085,-1.3914866608287184
2022-01-01,10.304790700623467,10.304738127695629,-3.501423076813157,-5.912496054034949,101.34632840988789,21.929297185149437,103.22141058714412,414.83170549885125,181.5613090999162,22.875176816387125,32.224797020995005,-154.15759987210959,438.3033415461418,213.85370161392646,-263.12382630117634,1048.2223461546796,295.9973674852692,298.3484615587974,0.7367406929053432,0.23910735789072038,0.5231893750659418,0.8590286099831069,53.134903839460144,52.73931749842436,319.4485117193275,298.1695060097115,25.19846155879742,22.847367485269217,49.270124687249876,247.4361250309962,-1.3428227439227385
2022-02-01,9.73854892821394,9.738517568757754,-3.624448562376972,-5.509574240895545,104.90722768600254,25.31367011006183,107.67972581446695,416.0761009516336,192.61383557104793,24.287163721000894,33.10083709963637,-163.85966709331262,443.8212045280975,208.0933498100787,-274.7733219491162,979.6464431047342,296.2142259717061,298.6677710865098,0.7837152365229036,0.2501855255052578,0.43675172227180215,0.8765495730515911,52.96976425550075,52.61850305208098,272.6793699899903,281.785809281185,25.51777108650981,23.06422597170615,66.67997213903752,243.02062153660808,0.5379321976118661
2022-03-01,13.014869854529747,13.014798862146112,-3.408640766430305,-8.954551466159181,98.66115198089246,22.21454764779054,95.05388490197777,417.20952112226763,176.00151497334815,22.351736732981408,30.79859644761408,-150.26712301427835,436.1019719397994,202.93802949059096,-259.3001387658158,920.5291861069413,296.2778173577076,298.41476807962846,0.8225303400209817,0.29283340334320673,0.5013809610028185,0.9013122880079829,54.96228323081445,54.47886697897908,403.46096549042215,376.5856152241352,25.26476807962848,23.127817357707613,56.36210927522484,335.6937455804863,-1.407173062018714
2022-04-01,8.416719941110035,8.416645464274731,-3.6531112472686753,-4.015785137122929,105.73693070568999,22.72699560571987,117.53534710955336,414.4955310994413,189.78971521153966,23.59499649182723,35.0228879214739,-163.5367464086444,410.89975996105085,226.38879713569028,-266.35683507179806,989.8083646397405,296.44456364512615,298.9472270147229,0.6996124143065049,0.25593476727693754,0.3671883985727652,0.8062518529914562,52.12142004897465,51.8325774539472,252.50159823330105,243.53719514683831,25.79722701472292,23.294563645126175,39.96803793610778,177.71837020149547,0.049932175760631026
2022-05-01,4.715724465690021,4.715608743754919,-3.5265784594731238,-0.7573929864966582,102.07464315714843,24.483558951485218,132.02550637734768,408.1792889296928,194.66261381390672,23.445727199233538,42.161077846991745,-168.9008327947212,379.945627213917,245.9974349011212,-264.9624644336352,1579.8841356134594,295.38704235807114,299.1047460364166,0.5375218716784381,0.16527874272562162,0.29322956830270763,0.6661521021302141,47.81391529294364,47.62155481640694,146.18745843639064,136.44701226142703,25.954746036416623,22.237042358071164,18.965029532513995,53.1558457976968,0.18155283909580078
2022-06-01,3.2526699765628417,3.252634635400772,-3.396853023621158,0.6608938751260226,98.31984181044425,25.536515448710873,138.88380468032625,401.01802398921484,197.70525344902154,23.126212892483537,47.757008501256855,-171.9797043315651,362.18261416282286,263.5888418315903,-264.6004580417025,1462.4593979876895,294.606544944506,298.9526630510088,0.3764792392249119,0.13487710746999088,0.24337977281595707,0.5360648233459284,41.645913341882185,41.525401550199696,97.58009929688525,94.11558551506863,25.802663051008835,21.45654494450605,1.0116162101122086,-3.558978656416542,0.36633857115313617
2022-07-01,1.1582611705725963,1.1582260146293135,-3.157619725196819,1.8130172092919128,91.39548841795798,37.26498891896758,161.00158662577158,398.30907029107277,217.05044750018402,25.155767930404277,57.45518685204555,-188.80422676938775,369.0618407251125,279.81447591526353,-280.50435454784207,2036.8316691167843,292.75047670565937,299.91113131282356,0.23148321561826724,0.06274910858747561,0.23713768239903063,0.4165220933512403,36.83144685553684,36.75625650235678,35.906096287750486,33.5134842195982,26.76113131282358,19.60047670565939,0.6898786325785409,-59.88068814619787,2.6885625804166295
2022-08-01,0.7364451720512136,0.7364502430128773,-3.260109396660481,2.863522181526184,94.36196295038779,48.17648806517028,181.09833206078952,398.6051394843143,239.77978164579113,27.641349795125016,61.69607341311243,-207.62194044372464,395.1412867388659,281.00017999244096,-305.6891159769619,2462.1990368439288,292.8980962254343,300.42001647859996,0.3057793110874035,0.05401504699403424,0.1795071555883022,0.44365524782186894,35.423323291826186,35.359521559786984,22.829800333587624,21.30932416125224,27.270016478599985,19.748096225434324,24.688935984520924,-51.751118819668775,3.387416015054143
2022-09-01,0.7425256411425485,0.7424296288142996,-3.3671750173956974,2.4663079185580417,97.46079702902531,60.76453809790597,201.37263981206897,405.3090945442926,260.66933193775384,30.535515043628752,61.28310616215267,-223.13103584916962,422.57902786845983,281.4562529364459,-326.42227817589696,2436.1287755734315,293.767943584996,301.13674444701485,0.2799445222949212,0.05914455726908054,0.1670126776212339,0.4149146597599094,37.462589059805275,37.387929240753515,22.275769234276453,21.482338796710057,27.98674444701487,20.617943584996,44.966025239451085,-34.635027552949836,3.622594560085659
2022-10-01,3.03199539656048,3.031928795743382,-3.7069823706013234,0.9929823251503724,107.29631725410025,52.091383913153436,179.4767086378234,414.31515079296645,248.08739209275427,29.922757360420505,49.52903499207416,-210.96454462453042,437.1131090108777,252.4448432506025,-319.4502524720757,1837.6805530917509,295.3894384266903,300.44429701627473,0.58620775653389,0.12292697669892134,0.22853510626616083,0.6839410570279183,45.71829761086708,45.57344612185114,93.99185729337488,87.72942117313026,27.294297016274754,22.2394384266903,67.0054092214732,45.390704675300626,2.0478084652025927
2022-11-01,6.459106994340983,6.458999764969824,-3.8583722752828606,-2.5232194512784516,111.67800516277939,33.77726856322103,144.32038773509376,413.4188380189473,218.55386477721026,26.74592304780285,40.72057595934738,-185.43300979321018,436.94081897355755,231.9521359583879,-294.877994957904,1445.7775977167425,295.6355603889848,299.27317289895296,0.6763366579409765,0.18844281221008877,0.33277873071993697,0.7773829259568396,48.99537864599026,48.73996809154571,193.7732098302295,186.89235431046944,26.123172898952987,22.485560388984823,62.925858999516066,138.88304803934375,-0.74283989213761
2022-12-01,8.473567706227996,8.473482556802114,-3.647867811828224,-4.366185475090707,105.58532361516264,26.60496801785523,121.37807516400812,413.57151328886016,197.65740665096104,24.47551568413803,36.48515909828393,-167.71923374292942,433.66043188640566,222.1630219745167,-276.0818968992911,1117.903551441475,295.83815226990174,298.6887200564851,0.7299948733966524,0.21315132954651966,0.40573528574722456,0.8291894065546952,50.673130875324226,50.35035744252913,262.6805988930679,245.1817869445056,25.538720056485147,22.688152269901764,53.9188749247744,194.47155524248973,-0.9562169883723755
2023-01-01,9.102023850550074,9.101977247510941,-3.6173244946283623,-4.663011499695307,104.70112214533052,24.336709768866267,108.42650463558003,412.7282833679198,190.8614200384308,23.962380059651814,34.004979847077465,-161.9818315855529,438.28470335036576,213.94455363165795,-271.6786788923953,949.6163620873485,295.61216585880385,298.0413916558127,0.7452326255435406,0.2751262630606632,0.42308475468769335,0.8582956932753641,51.2592450837028,50.94398892347272,282.16273936705227,263.3673972080712,24.891391655812697,22.46216585880387,57.73412526073733,217.46138049919938,-1.0609801757213546
2023-02-01,10.829051175358645,10.828956386231505,-3.6542185059552197,-6.525475241187985,105.76903382616435,25.560008715789873,112.7328134123942,415.7720399401543,193.99673597640714,24.542282936303778,33.41599653423879,-164.90699049160725,443.8578196434443,213.92901956857588,-276.02630824572816,931.2950265618301,295.9630644296648,298.49446016741416,0.7488205040935961,0.2660043172199249,0.41883703017531415,0.8518279043785514,53.007578210361785,52.642243787460764,303.21343291004206,313.3378583979023,25.344460167414184,22.81306442966485,62.09728867715228,269.504161833476,0.16195141541423652
2023-03-01,11.534449649074634,11.534366119325517,-3.4891366383132327,-7.421055001702747,100.99092092718561,23.076823296121965,100.37095290223557,416.0795435705621,181.0581463888964,22.961610749717554,31.529964259769866,-154.81468149468787,436.2820229413318,205.34026539510032,-263.97346963357364,961.3782803170213,296.044960037625,298.3753114562954,0.7847123826590583,0.2882247512043176,0.46418790584199726,0.8814787626228847,53.9808284864859,53.537082463755674,357.56793912131366,333.74901965640964,25.2253114562954,22.894960037625026,58.633204238473326,292.1743299560869,-0.7830269883895653
2023-04-01,7.344687126038694,7.344612208783195,-3.745536406018071,-3.0936904046439273,108.41231785128724,24.54916025747071,123.89562737311599,414.5918302997966,196.9855137307685,24.49479287631119,35.998560899659545,-169.8678903383488,411.1885770944458,225.5424817095964,-272.9058481955729,1108.9691609045562,296.2981934622364,298.9099329392804,0.7044965803601688,0.23060551799529577,0.3373348345280404,0.8088858027407447,52.09656600087473,51.82788701172213,220.3406137811608,212.51771437451376,25.759932939280418,23.148193462236407,47.36336648597651,150.56091167927173,0.9078513299313045
2023-05-01,5.096297683915313,5.096174268376172,-3.679820877937903,-0.7379530023618535,106.51016068677997,21.496917700898532,127.79229136634558,415.23404282237715,191.66044866250513,23.259875685707026,37.811642739823384,-166.43778674846925,380.2007925833325,244.9279322316985,-263.702178861939,1104.293719907771,296.5372461676363,299.52874362105746,0.5801851451609388,0.18570571542804407,0.29291654669773354,0.7048512108845246,50.467220228225116,50.29122552158534,157.9852282013747,147.45874619144018,26.37874362105748,23.387246167636306,18.774246630240498,59.10376651393335,0.619065620967362
2023-06-01,1.6353219419106406,1.635161452884564,-3.4977293702930865,2.4795416838905298,101.23961432176503,28.574227271675095,153.40962541944708,405.30501142094556,207.36388467681653,24.19883232419555,49.09480831937118,-180.514110426194,362.26635329993843,272.06987613947405,-273.65993981825466,1581.8696252913153,294.8303463331096,299.75549408644144,0.19495850261873415,0.10517176228031769,0.21618446186305812,0.39037465267264165,42.782933048528896,42.6905100666381,49.05965825731922,47.31369944689132,26.605494086441468,21.68034633310964,1.5900636787806093,-53.94131170947581,1.6054605133827096
2023-07-01,0.5770325521482594,0.5769437206017829,-3.2161349180016856,2.6601549815432795,93.08896950427324,39.99170977925246,173.07955014905878,396.6859225175938,225.34765575348962,25.98261986010981,60.180754330397605,-196.10877451087785,368.9497867813293,285.44538659502086,-287.5306073581558,2318.072826365865,293.1057980797747,300.0730457650672,0.16200280095865816,0.0559343684468121,0.16348065519435562,0.3147432511248579,36.28359244813875,36.227241791306824,17.88800911659604,16.69397339704233,26.92304576506723,19.955798079774695,2.0852207631349415,-77.15711624105052,2.847340896954549
2023-08-01,0.47916724927517923,0.479087315230895,-3.086874534368893,2.82423536082129,89.3476542055769,54.22038229268579,183.8962470564196,404.5339819305353,241.14440949572636,27.89449586776457,61.29606037405865,-208.96817553492122,394.94126475273947,283.11948818032954,-307.94176885676455,2499.0250781616787,293.6185339624029,301.26963295618685,0.18939512824743407,0.05240184428728784,0.15767580046227114,0.3360714572200458,37.28908779813567,37.2296823153826,14.854184727530557,13.862480186079138,28.119632956186877,20.468533962402944,24.822280676435014,-54.76697200566262,4.104078662599875
2023-09-01,0.5679866063937102,0.5679866665680409,-3.3608189590918442,3.510701716608158,97.27669447274276,62.50737780344413,203.3523959583865,410.4721206497529,261.3350657319931,30.661076289525532,59.99327609106884,-223.84029879649162,422.4348100847634,282.16513837214944,-328.01209558836706,2441.5512350378085,294.61018613956486,301.7983715562185,0.20512403364889528,0.05652368952250134,0.15718573047316162,0.3466973730932351,39.503742852527836,39.429350656438274,17.039598191811308,16.434799379862294,28.648371556218535,21.460186139564883,45.84695721621762,-39.05788830589873,4.062950429235883
2023-10-01,0.8889205562514249,0.8889220833152243,-3.526195388233616,3.2806777183246085,102.06347739239372,66.6971833182436,208.92990339865472,416.68554508229573,269.58839385572315,32.242790440386905,56.979813251700755,-229.3537933771945,437.10045197522356,272.50718587385796,-336.06087788370576,2508.0184613474626,295.34294813117424,301.9741860140157,0.4230563332009749,0.07825716494921708,0.16343482367520756,0.528870178748348,42.80598743178721,42.7189327458275,27.55653724379417,25.721125095926627,28.82418601401571,22.192948131174262,63.55369200984779,-16.40197970147572,3.61331941485642
2023-11-01,2.507955689242812,2.507881784221241,-3.6313966865890626,1.263930448051887,105.10815641338223,57.03594201459865,187.81054554054396,419.16458733567055,251.7532807627806,30.402710426725474,50.07103839455112,-213.78606453742916,437.0139973383036,258.01263279740124,-321.75609106186147,1953.6016665652157,295.6903405856818,301.36945739787626,0.4576778628436782,0.10828322401162582,0.2238582596175968,0.5758689365327223,46.821045956824904,46.67140064923953,75.23867067728436,72.56602384899425,28.219457397876283,22.540340585681804,63.74345826446023,29.6303979851751,1.5709277148971523
2023-12-01,4.796497190805314,4.796453981815145,-3.7378381929080504,-0.9368966768881578,108.18936202484937,38.838386442883056,147.15096443657504,421.77145237769366,220.66730885448743,27.24704783809681,40.0773516793279,-187.37295290338864,433.7028259291132,234.1986876542862,-296.45468907468177,1435.9329086179432,296.3745044895501,300.28766881664905,0.6485313591379084,0.15934194927475206,0.3116715285789314,0.7554127554624592,53.03459968945347,52.837330081857196,148.69141291496473,138.7862841960401,27.137668816649068,23.2245044895501,62.25600142039556,92.585070835258,0.2678527563282955
2024-01-01,8.952370011570716,8.952311379487202,-3.5472653760062838,-4.777521651053005,102.6735100875415,24.308798819334594,110.94048696330155,422.0696206252843,185.95653702505209,23.470003453143747,32.18436142800917,-158.11819122097126,438.34137284500963,224.92812772146158,-268.65905077354745,1058.7807987113874,296.597114300003,299.43305221774705,0.6647910349006764,0.249837850012148,0.4681916215712054,0.8155062941042679,56.21580148234174,55.86154681660073,277.5234703586922,259.03678760090287,26.28305221774707,23.447114300003022,43.73092305208587,201.14267967936127,-1.0484791139140128
2024-02-01,8.606606376670879,8.60650028473425,-3.69477539389391,-4.003992915115245,106.94311758227649,27.700149826223228,121.83026040632579,421.8146767446295,196.85601856053643,24.7072860385252,33.57515562998766,-167.7056801925563,443.94629686899657,227.25231804859055,-278.63415269596175,1178.2363353074234,296.43958290144263,299.5429440966176,0.6359939353907197,0.23912218176808173,0.4585622212891451,0.7974305048564263,55.38825722346235,55.02712153175253,249.59158492345549,249.03067953513457,26.39294409661761,23.289582901442657,51.38183464737119,193.98213944616037,-0.5127428459311005
2024-03-01,9.871787259157568,9.87163277805931,-3.711857068636271,-5.558605880925448,107.43722557512481,25.25106393683746,112.58051511202582,423.6515657816802,192.23174493290404,24.252459293103357,31.858042032551122,-164.38264645471705,435.9720912302834,216.45250612723174,-274.60661539544196,1078.9236990216555,296.99776298269586,299.5680093461492,0.7662190857127428,0.2646318715966269,0.39748299817652893,0.8601589553104111,57.559072631306194,57.176920915903295,306.0254050338846,285.6375225132902,26.418009346149233,23.847762982695883,58.15410926821022,236.51809129617195,-0.16368508979633134
2024-04-01,10.489791671588074,10.489612745661564,-3.604668274222657,-6.018986005808419,104.33491216970397,20.813540683662684,107.711697148929,423.1294379394077,180.77616456402907,22.718315037821846,31.181769968950714,-155.8795797287985,410.5254045648497,221.73205283668622,-260.1256909495958,914.0780132974224,297.14912215021053,299.46574526438695,0.7339755924215319,0.27183788585054763,0.40539517843274053,0.8387713261869428,57.72034322286551,57.326219969241535,314.6937501476422,303.5188873165962,26.315745264386976,23.999122150210553,38.3936381129096,238.0282563533207,-0.45064309351887744
2024-05-01,4.708882554639933,4.708705227821723,-3.711881431901627,-0.2473958784851665,107.4381020933861,24.122973052559797,139.88665197744461,416.31073676828106,199.83431459418023,24.042469007558825,41.240542771127345,-173.48928507265194,379.625966688248,258.4160929461084,-269.983103694588,1530.3744207975878,296.38805124842384,300.14373929842003,0.5014678523371318,0.1667416310307503,0.2746993418482831,0.6394210610339374,49.39453394147107,49.214893040316895,145.97535919383793,136.24725774947117,26.993739298420053,23.238051248423858,11.567010748479618,39.68849924898599,0.6876671555786942
2024-06-01,1.3254291932850983,1.3254133530942445,-3.38525566358587,2.6325842811068205,97.98420260359025,31.233776774448753,157.0203039346861,404.9453270490268,211.437878003213,24.619681605016464,53.104353667976824,-183.99796699115768,362.21777009659024,279.17533363474575,-275.8946672096683,1888.0713681039426,294.07046540002005,300.2912752691253,0.2459756017789912,0.07354801941431091,0.212460645980159,0.4091550648743219,40.28205039008034,40.19853204514239,39.76287579855295,38.3510808186992,27.141275269125344,20.920465400020078,-3.28066642507747,-64.58942215511037,1.675633945141854
2024-07-01,0.4115467892818574,0.4115083043367187,-3.172862237672734,3.0510655400122912,91.83635407673405,42.7700717388878,179.66784379801416,394.7234929170815,230.91702179891988,26.524568855662256,64.15649072274158,-200.97155088654338,369.5096891175473,287.1913358739422,-291.66720364674944,2619.135347220335,292.1723358558528,300.3250970399661,0.15816758202259493,0.0329687209892362,0.15678741389172515,0.2942873315697216,34.82525644189432,34.77677121840896,12.75795046773758,11.907068991224499,27.175097039966147,19.022335855852816,4.4758677728072485,-77.66205166088227,2.208634348179956
2024-08-01,0.34113702288916403,0.34113696704831353,-3.0472879934932635,2.905556225924791,88.20186514946187,54.43722885164728,190.82299039859257,396.9480425845313,247.33573477257454,28.35252615396457,67.32409288417817,-214.16699202042886,395.7810294640608,289.4081685990175,-311.1539537270547,2658.18377896376,292.086997893174,300.9676583840688,0.10808296125227308,0.039378492312925825,0.14312011790619716,0.25178758275699237,33.07920051905211,33.02778033872754,10.575247709564085,9.870861315055368,27.817658384068807,18.93699789317401,21.745785128037255,-60.7890238415108,4.20380513514155
2024-09-01,0.32531827344992,0.3252461663561268,-3.2073437749466596,2.54591502234089,92.83469789088012,66.51612826608196,212.00628557612407,406.51115345242175,269.6793003425042,31.443085503532647,66.67930744648338,-230.84279676944377,423.1046922036944,286.14075802889914,-333.21843136166734,2880.5807994255774,292.9445423743479,302.153433210554,0.23641843678096788,0.03826410503088425,0.13549384565657388,0.3552721024020518,36.19672650523577,36.14072776602073,9.7595482034976,9.411058054286077,29.00343321055402,19.79454237434794,47.0776733327682,-41.158629669824165,4.812663165998316
2024-10-01,1.9387451220411416,1.9387386961697552,-3.500090676399974,1.5545980360684617,101.30797589299384,62.98401187679729,196.08100709790304,416.76957310904857,259.677714766129,31.1463144313805,54.04745596593222,-220.94648192430216,437.3648924368625,265.4715219774406,-328.35783564212784,2194.5315603811614,295.0460294093693,301.41331750945227,0.47052445642824137,0.09126185221256922,0.19479762542454362,0.5789513190288054,43.79848420667322,43.686201705875085,60.10109878327539,56.09776319935634,28.263317509452293,21.896029409369305,62.886313664687236,15.069062782470922,2.6070381885788123
2024-11-01,3.542662751363102,3.5426072380203415,-3.6862421338356524,0.6256661556305237,106.69597265500077,50.31385082680179,174.20768056301554,417.435484032388,242.18713575631926,29.444127461144042,47.38481647157001,-205.75764781922453,437.0175606144802,246.07953668808423,-314.09054987975105,1849.4286156504843,295.63059974432724,300.69601875458073,0.5703063402811741,0.11696586760339875,0.26633118422870494,0.6774602883952922,48.18768662761711,47.99774280267683,106.27988254089306,102.50599647049599,27.546018754580757,22.480599744327264,68.01101319166682,62.458029141310085,1.363007865851941
2024-12-01,7.28394737055955,7.283862505411292,-3.636840091408355,-3.7422270631905463,105.26590729662486,32.392905816889446,129.45921315555702,419.8143636326172,203.93442329146214,25.2833947368917,36.59892482169707,-173.10237508577083,433.81797632332024,230.6763718188173,-282.3586563865396,1171.266825089384,296.1436783681985,299.593240948842,0.6535068680406447,0.2004570678336878,0.3989625446707439,0.789885590413505,53.2884245966942,53.021900773039,225.80236848734603,210.75991045750266,26.443240948842003,22.993678368198516,51.68228456772232,158.33165057804067,-1.1553628494405501
2025-01-01,10.235415214052221,10.235396724327682,-3.4988673183530383,-6.26834708953194,101.27228244775496,23.098419135477677,101.0430315606521,417.4182694017381,182.3102108655051,23.03452891456895,32.20611827823476,-154.86261564515559,438.62256243567157,210.71849409764994,-264.9534946781371,1007.5548553970598,296.0682747121864,298.615055819106,0.7781785018588087,0.2568975395064546,0.45182180681001355,0.8732699092332498,53.887408192255556,53.481275756451765,317.29787163561883,296.16309966225936,25.465055819106,22.918274712186417,54.23500058048714,250.84002201130335,-1.7142042163118134
2025-02-01,13.77955976115688,13.779486986517162,-3.375155064381277,-9.851792830230858,97.69160951134882,20.7383178302096,92.0878540128121,419.291383625323,172.74391995054552,22.01532684797978,29.773111158452135,-146.87832456244618,444.0868459762738,206.87611747042777,-257.8926543650436,958.0628433678771,296.1758724926614,298.5296885650685,0.7718084888825779,0.28706391610314663,0.5360619310767696,0.8860092466590601,55.78998899222492,55.27915474678548,385.8276733123927,398.71200771172346,25.379688565068534,23.02587249266145,51.016536894615825,353.36164903255485,-1.3247139375643684
2025-03-01,12.01150949600029,12.01140211389922,-3.5064457476990576,-7.765104253708279,101.49180959172145,23.040118435484352,101.97124815659026,418.90340831853604,181.587027248909,23.00589645278118,31.134581756892302,-155.2045546806434,436.2038678037247,208.95383668401053,-264.71729891105196,949.2360316228395,296.3260742626626,298.7230197776011,0.7804225516569483,0.28996746887509117,0.4507398546966886,0.8750945298164456,55.207420050707356,54.74881521408398,372.35679437600896,347.5521444993987,25.573019777601132,23.17607426266261,55.76346222704143,302.28575223817336,-0.4619551034546987
2025-04-01,6.574532871529174,6.574429348983746,-3.8655371180115035,-2.2671410932516802,111.8857095268325,26.068222794303686,132.91857417278518,416.94933596069575,203.1566603132181,25.070602432546018,36.71253332490296,-175.16222739611285,410.86172753499454,231.92177262718084,-277.98879487614005,1049.5551848325522,296.57907605192315,299.3850303506675,0.6761967174353208,0.21105655124689632,0.30270683221626654,0.775112154426282,52.488655232037175,52.244703083009156,197.23598614587522,190.23233069976118,26.2350303506675,23.429076051923175,46.067022248959205,123.91788167181417,0.4957617500737115
2025-05-01,3.334124649591544,3.334033584219556,-3.7260962417925128,1.02233585450697,107.84973531104886,26.157903419145935,145.3358921908125,411.2693463116392,204.6940270981979,24.556784871483075,43.07841650666733,-177.76335081480457,379.9220848643045,256.58921453223655,-273.4763298992956,1384.84050377196,295.92558698630955,299.6056056975873,0.471721858405763,0.14083081419291513,0.2687040077636032,0.6101701103391707,47.11238622874316,46.97256975795887,103.35786413733787,96.47087917301955,26.455605697587316,22.775586986309577,16.88711536705904,4.830963651087302,0.6772955779424308
2025-06-01,2.3110864215378872,2.3109438920066716,-3.2681445002767298,1.2077003347330924,94.59410725545054,29.85059617111686,143.67673449888716,404.5789472801966,200.0508990251883,23.334798571575448,49.15263362391576,-174.03289039929288,362.338208969636,272.8076773963003,-266.61955998038445,1670.9169735926766,294.5221763879934,299.6184456698373,0.3035800233066316,0.11836099977342131,0.24149724934914232,0.4836422526494377,41.68962725894776,41.57985949880544,69.33259264613662,66.86758946778563,26.46844566983731,21.37217638799342,-6.188117415915826,-34.35018855239045,0.4355533488097194
2025-07-01,1.2107174389973627,1.2107080108188033,-3.0681052179662114,1.4978381638727438,88.80421075187867,40.89765740084189,167.6623505334056,393.39769976147255,222.31544279494923,25.577143595016256,61.73708281726877,-193.35302752130735,369.43676738589687,279.5685066052655,-284.50085620854793,2292.6135962641056,292.29189740094745,299.77980340215805,0.18452657757688026,0.06917689946711568,0.17615673644830593,0.34119773160555295,35.266704638589154,35.19426899050762,37.532240608918244,35.03206049822926,26.629803402158075,19.14189740094747,4.932349603282432,-50.753877201685,1.9140765513180185
2025-08-01,1.2488234386022663,1.2488197299174695,-3.0827831241714314,2.302901016374885,89.22923242607222,49.48803586958996,170.75006460512014,401.77231721314564,231.7283190417265,26.888883159911337,59.114267082383286,-200.62283410568563,395.6254503311787,274.0044841617137,-299.893727230125,2254.0949863926953,293.1627874888443,300.504915027469,0.2535822595569106,0.075356710883115,0.19939457177736739,0.41700125028287743,37.75803365246525,37.66145046703986,38.713526596670256,36.134830148074926,27.35491502746902,20.01278748884431,25.889243068411304,-29.99645793722614,2.7912987276401537
2025-09-01,1.041988870379033,1.041881856569598,-3.2140592031727646,2.2720478008819507,93.02869619802861,63.106764355173034,192.75800610274132,409.0039541282654,254.73412971912452,30.028399636173116,58.72307007499077,-218.12452179397297,423.0107960814032,272.8007138290374,-323.08402082589953,2284.6930826280945,294.0571730556773,301.19991574819977,0.3252585718727859,0.08085036679851598,0.1834884393508364,0.46798742678331245,40.29393485239562,40.20549240001415,31.25966611137099,30.14704446092587,28.049915748199794,20.907173055677333,50.28330699686211,-15.86433590602119,3.2659911657805623
2025-10-01,2.4852210410999973,2.485111177678757,-3.6699390499454387,1.4775797006000357,106.22410214217099,55.685561772307096,187.18396516049282,413.22126536149574,253.18387479281725,30.44145821830204,51.3800999591496,-215.32118862108942,437.4048373463188,259.21354756470686,-323.1043720254562,1898.8779292588442,294.9810144406332,300.6542568042816,0.4845634112632672,0.11681160533695355,0.22271693914257354,0.6097204510834371,44.07214852440115,43.93684837185594,77.04185227409991,71.90715213190848,27.504256804281624,21.831014440633226,63.89082446074934,27.542449703025085,2.0314247474617417
2025-11-01,4.08836077807456,4.088372537158935,-3.593257939976825,-0.2650042068761658,104.00482955482924,50.486626577170185,167.45395451294561,417.48054334494924,237.62005656973187,28.97334690154442,46.18347651570284,-201.73999927405117,437.1410588879815,244.32688453795907,-310.3305964446507,1646.931127549925,295.5901515168737,300.45480852767633,0.6589685610448184,0.13446523290738688,0.26183254683496576,0.7513643041846556,48.123602601408315,47.95101526904455,122.6508233422368,118.29781646871918,27.304808527676357,22.440151516873698,66.00371190669165,79.23163219423267,1.0650666263489086
2025-12-01,7.074439531426278,7.074362767725333,-3.517844938072304,-2.77880200131496,101.82157471334688,31.54484242327466,122.8309345271884,417.44803222678553,199.54860081691245,24.771918904192585,36.74731289492423,-169.38574914165773,433.9053479008199,220.21131543731897,-278.0959668229575,1267.5195102541395,295.8915398203505,299.2429399544597,0.7386853197188995,0.1994666892512708,0.3955793845050602,0.8306534077638567,52.17868432196134,51.88716092704669,219.30762547421463,204.6979967513117,26.092939954459723,22.74153982035051,57.884651385638534,161.4890543134914,-0.7279808898880304
