time,mes,tp (mm day**-1) (Total precipitation),avg_tprate (kg m**-2 day**-1) (Time-mean total precipitation rate),avg_ie (kg m**-2 day**-1) (Time-mean moisture flux),avg_vimdf (kg m**-2 day**-1) (Time-mean total column vertically-integrated moisture divergence flux),avg_slhtf (W m**-2) (Time-mean surface latent heat flux),avg_ishf (W m**-2) (Time-mean surface sensible heat flux),avg_sdirswrf (W m**-2) (Time-mean surface direct short-wave radiation flux),avg_sdlwrf (W m**-2) (Time-mean surface downward long-wave radiation flux),avg_sdswrf (W m**-2) (Time-mean surface downward short-wave radiation flux),avg_sduvrf (W m**-2) (Time-mean surface downward UV radiation flux),avg_snlwrf (W m**-2) (Time-mean surface net long-wave radiation flux),avg_snswrf (W m**-2) (Time-mean surface net short-wave radiation flux),avg_tdswrf (W m**-2) (Time mean top downward short-wave radiation flux),avg_tnlwrf (W m**-2) (Time-mean top net long-wave radiation flux),avg_tnswrf (W m**-2) (Time-mean top net short-wave radiation flux),cbh (m) (Cloud base height),d2m (K) (2 metre dewpoint temperature),t2m (K) (2 metre temperature),hcc ((0 - 1)) (High cloud cover),lcc ((0 - 1)) (Low cloud cover),mcc ((0 - 1)) (Medium cloud cover),tcc ((0 - 1)) (Total cloud cover),tcw (kg m**-2) (Total column water),tcwv (kg m**-2) (Total column vertically-integrated water vapour),tp_mm (mm) (Total precipitation),avg_tprate_W (W m**-2) (Time-mean total precipitation rate),t2m (°C) (2 metre temperature),d2m (°C) (2 metre dewpoint temperature),balanc_earth (W m**-2) (earth_balance),balanc_atmos (W m**-2) (atmospheric_balance),balanc_surface (W m**-2) (surface_balance)
2015-01-01,1,1.7988499986195734,1.7988961519434765,-0.40352055935677456,-1.2444577596772606,11.67978313997881,-11.755151048925246,-14.954301045659292,5.730857034521307,-12.180494162919842,-1.2005622097968036,-8.392790214350988,10.222258820032238,0.2538094106576523,-15.694025298008,8.184618022949508,-1.2907996631693095,1.2883742571729613,-0.1942001099329218,0.1596899205846372,0.018249902327961698,-0.0014099145045410044,0.12241655653143724,3.5370980792671816,3.481828939949338,55.764349957206775,52.0513932854015,-0.19420010993288983,1.2883742571729293,7.50940727505845,49.635118117215995,-1.754100696734847
2015-02-01,2,-0.8726393205105571,-0.8726058575050288,-0.17786892789730846,0.9903714699931676,5.148558571131943,-1.3602239991374034,1.0421656442647134,1.4085211746555046,3.6200896206428865,0.5691489729493284,-1.131886484314343,-3.0388078916847974,0.5471108978675261,2.7320026673984614,-4.017392471155574,-147.8887177222059,0.851528284076494,0.2166436122714117,-0.032793650913680195,-0.011766036111666794,-0.00969002013066761,-0.021891452141179102,0.16601874749606793,0.19856842198196745,-25.629377069040203,-25.249012080585302,0.21664361227146145,0.8515282840765472,1.2853898037570914,-29.494540651964755,0.382359804004599
2015-03-01,3,-1.2274651873303095,-1.227468662630541,-0.06671944099295901,1.7090039039633662,1.931271688065621,3.4072189069219228,8.945616206528769,-0.024320981960215704,8.268215511282278,0.8945789653656462,2.186748894358068,-7.019701419293824,0.9368803472442551,6.285295583820698,-7.370837488195832,-110.60620555981109,0.42068428891047915,0.38587667924696234,-0.03945711016323811,-0.024648710907226618,-0.008712607601900707,-0.04510897378068718,-0.603547077547578,-0.5573246811275965,-38.051420807239595,-35.51703306222632,0.385876679246973,0.4206842889104827,1.0855419043751517,-35.857224775864964,-0.5055380700518182
2015-04-01,4,-2.210593506134379,-2.21054953250443,0.005840650455693819,1.9932593660154423,-0.16900122124793882,4.865309008369056,20.41291819982706,-6.165607699995235,18.153145677904604,1.843049449545095,9.202654238399127,-15.511271897013444,0.8870304985798612,11.978325135591604,-14.275072516825361,553.0595581404652,-0.14260152714416563,0.6939579337431496,-0.05801673059750051,-0.07750463161113241,-0.03164352231797521,-0.09070231773417398,-2.90168434628999,-2.824073154977718,-66.31780518403139,-63.962660084040195,0.6939579337431354,-0.14260152714410168,2.29674738123375,-63.10922135305172,1.6123098714932107
2015-05-01,5,0.41293767755306643,0.4130389630735829,-0.0006444505251346211,-0.06573783066378569,0.018868096215477692,-0.23444652116719666,-2.769362177613772,7.742064452148725,-1.9192869618661632,-0.09299904982378493,-2.276608389541508,1.6463735308952465,0.6051171549772789,-0.5300983718807686,0.5075096543742461,-108.72179695622549,1.273001814576503,1.1139635563698107,0.017595150609741816,-0.023765308359031012,0.02391707387444708,0.00532074397412674,2.650708719542372,2.6162525906969485,12.801068004145051,11.951358885231002,1.1139635563697876,1.2730018145764461,0.02258871750652247,11.109266222924088,0.8458132835979733
2015-06-01,6,0.07506132381150588,0.0751555466430407,-0.07291323293144325,-0.18727518915921815,2.1104505469821433,-1.2094915977168952,6.379185545757707,1.8682096563659911,4.50353957116134,0.43395348586756377,2.8746961167451985,-3.89215923104544,0.18292593686879854,6.843025265703716,-3.86270727580785,294.52552065197074,0.6731724846953284,1.135234471889646,-0.04005927739551601,-0.0801737779264094,0.007506452912313888,-0.058348792707961894,1.085419581254122,1.1042245162748543,2.251839714345195,2.1746396598101825,1.1352344718896532,0.6731724846953693,-2.9803179898958945,-3.032633042102887,0.11650416503500871
2015-07-01,7,1.5140788217014847,1.5140874463532414,0.16952489861563458,-1.7005099782407496,-4.90625198790336,1.008738331096907,-14.033041677345565,13.633627774239699,-11.616146410617745,-1.0203129116099614,-7.8331786503974,9.993056737996596,-0.23877203982002015,-7.605420693473718,8.741249144987734,-505.265080233572,1.7989399435256246,0.9084071162437226,0.10184840914738191,0.11273308110721414,0.005000278593253804,0.12058656986623195,1.358809714598248,1.2966514637042152,46.93644347274602,43.81040064679517,0.9084071162436977,1.7989399435256352,-1.1358284515140014,45.8431886139773,1.7376355692072596
2015-08-01,8,1.3484869057261064,1.3485892382065892,-0.2394962033499346,-1.2982287650842477,6.932332333588619,-8.909874530449454,-11.20458779072571,22.86578517395037,-9.452988494024908,-0.6965737005529746,-6.67551245418715,7.9088993778927374,-0.5307081107943077,-8.002415167774217,5.576126577007216,303.3747174473833,3.3121948222911897,3.277746719054335,0.15082326788275568,0.0030491747511803002,0.029056784242746797,0.11541102950363957,4.991400296456188,4.938854359608175,41.80309407750933,39.02167934625548,3.2777467190543277,3.31219482229122,2.4262885907670437,33.77148033027865,0.7441552731552619
2015-09-01,9,0.4017660965688732,0.40182512369850354,-0.0804776209552891,-0.10254350097047782,2.3295790230648237,1.8752685218929876,3.5048185842271096,1.005182612889712,1.0400305201098377,0.14222017230480333,-0.6161872172995047,-0.9887571055458864,-0.6099311845179045,5.0188334502311704,-1.6974657283402905,-352.63335581970796,0.10032664722575646,0.2562649871592271,-0.08030304772297381,-0.005026863594212616,-0.0028830369445662085,-0.04777009755674905,1.2167076077765984,1.235960513337691,12.052982897066158,11.626884366276144,0.25626498715918444,0.10032664722576179,-3.321367721890838,8.575840843432886,-2.599903222112388
2015-10-01,10,1.0998821730505197,1.09988001238768,0.2330367308700687,-1.4163010184184759,-6.7450644106370845,-1.6212615282494944,-30.954320412337665,8.348496369321708,-25.124455159841006,-2.4506388014373712,-11.269584475759892,21.53362497982485,-0.47928764734007245,-8.922516173557057,17.628135152272307,-349.5757343171233,0.10113637952264298,-0.6310354781911087,0.05701450292831384,0.09663362382387453,0.06763401226571897,0.11189973176392087,3.2929761991664606,3.2294559995069108,34.09634736456613,31.825231839921287,-0.6310354781911194,0.10113637952265186,-8.705618978715258,31.762391837021497,-1.8977145651783873
2015-11-01,11,2.6912139893511817,2.6911810251086923,0.359221218349679,-3.672973161483502,-10.397425146577561,-9.426473285871651,-52.754574378978276,9.585999003282836,-43.053728727565414,-4.47445161371801,-14.352254089127719,36.864399842485284,-0.20454105089112318,-16.322477517757477,31.84284246452205,-384.15585059268005,0.8126961076907833,-0.6996428293083454,0.12104809631978714,0.1197362049971849,0.0738054139930038,0.17109294491007943,4.088788117705327,3.9683042319215964,80.73641968053545,77.8698213283765,-0.6996428293083881,0.8126961076908046,-15.520364946764644,75.43512884909774,-2.68824732090832
2015-12-01,12,3.96425349548465,3.9642607843480233,0.2808221624778211,-4.6699352310102205,-8.128112555087043,-14.675633359328383,-54.405037707280485,11.367943550275527,-44.47800781337551,-4.735874675149983,-14.714710905196299,37.846967669637166,0.12927661154526504,-23.750463677561356,32.61442671697682,-518.4194623182395,1.7063510227580423,-0.17111391009660792,0.2057590482037543,0.11093691020648219,0.03872027119637511,0.1812227437400541,5.67859707434037,5.507978631908948,122.89185836002414,114.70661991747752,-0.17111391009662213,1.7063510227580032,-8.863963039415538,114.29928028317444,-0.3285108500254088
2016-01-01,1,-1.459376324566712,-1.4593141197693922,-0.22853664589514278,2.2273315870927495,6.615463220209051,-4.0458126824925635,2.552609416041321,3.2519092220182984,2.0010235057761747,0.2470208981805868,-0.55018811692009,-1.6681627830473076,0.2941203576281737,2.704728517476781,-2.712485878181269,23.590584558509363,0.8620376272754129,0.8849211300741331,0.028619827036841294,0.0109581173854158,-0.02416191499453252,-0.0009883291542722716,0.5339531562511155,0.5586879784975594,-45.24066606156805,-42.225524298882846,0.8849211300741082,0.8620376272753241,0.007757360704488292,-48.481930520638365,-0.35129963774910244
2016-02-01,2,0.37047273398373726,0.3705211550734715,-0.1435965937325907,-0.1897469879497582,4.156464331507024,-4.950097357476341,-8.786128097075249,11.50391121026297,-4.936280589969044,-0.3241572668853472,-4.43472011001554,4.178150319832554,-0.13974696868729097,-10.19649405740904,2.3841467042867635,320.75125890036793,2.000693091072094,1.3787038315348354,0.14387407217425213,-0.0213920977367488,-0.025095080423939403,0.07990610562035627,4.085628218183054,4.04016739617586,14.439667181475187,10.721098237079644,1.3787038315348852,2.000693091072147,7.812347353122256,13.326778442542548,1.0502028161523413
2016-03-01,3,1.1455553391078945,1.1455685958677186,0.0663635384130834,-1.1198572350798606,-1.9205413509505433,-5.491372865596837,-20.88631542411818,-3.680046583774015,-18.16557261342092,-2.0376716638014116,-5.111411068680638,15.571562245801033,-1.0513099870803444,-4.343673420050777,15.820922405812098,-174.87433215644955,-0.468646376270101,-1.1617847773080712,-0.014548710633875583,0.09029520231071159,0.06396156919408649,0.07449573771288565,-2.0363072864071228,-2.1197786594020833,35.51221551234474,33.147239463765004,-1.161784777308064,-0.468646376270101,-11.477248985761305,26.63876878952728,-3.0482369605730266
2016-04-01,4,3.136410105053039,3.136473998372394,-0.1453600117151197,-2.008757391187114,4.207281899746334,-6.9072409157486065,-25.359673090932276,21.989146366691045,-23.121480660681044,-2.158657122192256,-14.901842993482006,19.587195120447603,-1.0584404637046987,-19.91584434688886,16.641567779961463,23.896618145487537,2.097216392818666,1.1699778125037597,0.1841331590016329,0.1171765567621863,0.084344030781237,0.19388590484348922,8.3892381274654,8.24289713755038,94.09230315159118,90.75445597142348,1.1699778125037454,2.097216392818728,3.274276566927419,91.80684374956783,-1.9853931109633
2016-05-01,5,-1.1381944615296655,-1.1382045710074054,0.1869638378736278,1.0003064995234177,-5.41139699677224,2.3615190502908803,-16.230183092557823,-3.1332337402448047,-12.17695085368348,-1.1995384363231185,-7.0190919095198225,10.54654421443584,-0.7061053318516315,-12.699867539859099,9.828479650045523,-148.48631111463783,-1.289652957884016,-1.9356130832588292,0.11979409428020804,0.13399253670111588,0.0523019832586418,0.16744885436373946,-0.5175562785298631,-0.5208225269943441,-35.284028307419646,-32.934160040723526,-1.9356130832588523,-1.2896529578840745,2.8713878898136045,-24.17380079570299,-0.4775743584346621
2016-06-01,6,-1.8674120937841805,-1.8673470466639461,0.15889922600477546,1.3981402921469037,-4.598953544742329,6.99999832194918,9.250059753750321,-25.42357768239475,11.344354354432696,1.0023115610971498,8.783643724275557,-9.654809592734551,-0.1008673672868099,-7.147211752907481,-7.433734851451817,754.6163199503151,-3.0921266961075844,-2.961336451097793,0.0424335037925172,-0.09429383503008051,-0.038739919072026396,-0.025526211577728275,-4.4250285782446515,-4.356417562536603,-56.022362813525405,-54.03203260022992,-2.961336451097786,-3.0921266961076004,14.580946604359298,-33.32225354238044,-1.5298789087478522
2016-07-01,7,-0.0720541626340574,-0.07201403783769766,0.03892050464923602,-0.3203054580111866,-1.126841691889453,2.250633505210435,-2.187261905846057,1.6256030712541474,0.8658338696038754,0.20124094064334663,-1.5657922932294852,-0.7572234690044866,0.5427337818181286,-5.885207173797397,-1.1358127122241228,267.4836134620805,0.4894090932928066,0.10780689667728893,0.07111307705524395,-0.00548257793173107,-0.01890144770668159,0.06260336118163279,0.26810109314165587,0.27697665079611156,-2.2336790416557903,-2.083739520766727,0.10780689667726406,0.48940909329281723,7.021019886021534,4.864898108231294,1.1992239489129903
2016-08-01,8,0.3849044953719152,0.38495645199397277,0.038854671202027014,0.12989114684601955,-1.1243898826179546,1.9236641938875438,2.9400334533730046,-0.5172529787705571,2.0228512557152385,0.16792161799421024,0.9378460379312656,-1.702543903630641,1.0020486603980316,-1.7908313449767377,-1.796928215879177,0.8952864560760645,0.5472523140587668,0.3051083513623212,0.026992480388899787,-0.008294814732552197,0.005370454709890615,-0.008644881507737567,-0.23545056879118675,-0.26314833582177144,11.932039356529401,11.138786226677453,0.30510835136231584,0.547252314058797,3.587759560856014,15.88551211572164,-0.03457644557021955
2016-09-01,9,-2.6125113316851927,-2.6125069754242327,-0.024925522005544654,3.120149898778741,0.7218290290470861,7.229639902832798,21.024009231135295,-15.900078087477596,17.57274772565094,1.5804144624530814,8.313570202994995,-15.033892688505404,1.1354053473889962,10.3527267609347,-11.554672363534394,-50.13858841996489,-1.480879415937352,-1.1289538749640542,-0.126769038729206,-0.00901539215986391,-0.027600911118262322,-0.09551087001393871,-5.409735220875675,-5.346110917037365,-78.3753399505558,-75.59337313148822,-1.1289538749640968,-1.4808794159373466,1.2019456025997064,-73.88211011156613,-1.2311464463694504
2016-10-01,10,0.909058985487559,0.9091325974454287,0.14089097720451704,-1.612814925942764,-4.0778423541117235,0.5205522080966638,-7.89098123031269,-0.15684275894653865,-7.013253682540466,-0.7666521614767703,-2.5952673852830372,5.958772463479164,0.9582073801383331,-4.62206650485146,5.686998248163093,-401.71736109306335,-0.1099823129729316,-0.46442085694616253,0.016515998395888798,0.034135102898555536,0.015240940144266801,0.03189848330767375,0.04992785745512762,0.012130461758221855,28.18082855011437,26.3059200649719,-0.4644208569462265,-0.10998231297292271,-1.0649317433116394,29.125045607953055,0.1937850678189248
2016-11-01,11,-0.891257670075428,-0.8911714672836744,-0.2917408755419455,1.969805466156842,8.44445986092984,1.8218186639145237,20.40487591338126,-8.450009544359887,19.550838017972296,2.053114099459119,5.948549040105291,-16.586609248420245,0.5856266539959165,-2.709643904468436,-13.605894675809736,664.7193672746694,-0.674672417271097,-0.3308889835948321,0.05180024612652662,-0.08030522468081938,-0.029741218153606114,-0.004736711824695483,-2.360735922915179,-2.342217695378192,-26.73773010226283,-25.786211437606326,-0.3308889835948783,-0.6746724172710188,16.315538580278144,-18.28691440172861,0.3717816834705845
2016-12-01,12,0.34701900549976017,0.34708026173164797,-0.005444782641644608,-0.6808223175948049,0.15768335327481964,-1.2092708336243376,-1.0003887338102402,2.8659930103301576,-2.4221368158931114,-0.21079851690075202,-1.9019264779219398,1.98335940191987,0.1455385338766746,-2.162026229489811,1.1406269776317117,111.06486888768768,0.591335369662545,0.2633457487944497,0.03240245062471481,-0.02961421966126701,0.020962283442305912,0.007450603234988251,1.9260704893636778,1.9099769168385023,10.757589170492565,10.042831647327773,0.26334574879443196,0.5913353696625023,1.0213992518580426,9.936392989559394,0.9701545563515745
2017-01-01,1,-0.10077090178116688,-0.10070288280353878,-0.48786771582433097,0.846026807008179,14.12146207497156,-7.783250927467275,3.737536324533835,2.4162458739867816,4.852227242877916,0.5895756374664103,-1.7191201469461106,-4.153650187468941,-0.41011368776167956,0.5392475644586057,-4.027183182328656,183.3023101665117,1.2755333678629768,0.2648378860828302,0.021952803081526084,-0.0319258236840953,-0.021241943317942324,-0.0036628947090969755,0.18529568659086237,0.18935349388050327,-3.123897955216165,-2.9138565626023762,0.2648378860828622,1.2755333678629448,3.4879356178700505,-13.081942206614698,-0.46544081308923957
2017-02-01,2,0.0771210496210708,0.07714385844687932,-0.18881970927559344,0.12314043601493663,5.465751098664242,-4.393561474809619,-1.453129167541249,8.881379751041493,-1.3716135648129182,0.07158826298566723,-4.31430119712153,1.00660563736173,-0.5975453231137635,-4.4643251207395735,-0.633938741959355,289.8182837381057,1.7064716678691525,0.7448692439232332,0.07015182108544543,-0.04795408501003451,0.002501659039889803,0.04190999723947886,3.693670344105051,3.6802742734067024,0.9639132946453799,2.2321718300601674,0.7448692439232829,1.7064716678692058,5.098263862698907,-0.37082134181038384,2.235505935905243
2017-03-01,3,-0.13459449644846577,-0.13464869923041212,-0.28457840276811686,0.7135145562417061,8.236927624047695,-4.024960980993896,4.959196730697613,-2.2898103826626652,4.121602023603742,0.32891139092185284,1.0705034641961433,-3.494346150658231,-0.5036480732940731,-0.574154468622396,-2.5670397996371435,132.30728914621477,0.4341019625796321,0.0032674756060941945,0.01591157381435837,-0.03970647938219771,-0.0031046114720467144,-0.012378873320725015,-0.5836433412441941,-0.5967359907401395,-4.172429389902433,-3.8960850471762853,0.0032674756061048527,0.4341019625796321,3.1411942682595555,-7.203694446372705,-1.7881239565916953
2017-04-01,4,1.4504025950066621,1.4504201460230535,-0.09868818227531628,-1.1071601160938833,2.8562792778592296,-4.693873900870427,-2.7650758115933485,-5.018963383802657,-3.9533217054775207,-0.5179922721979153,1.0029227863902435,3.428848889344522,-0.509372232953524,-6.541629310265591,4.379143999228404,-75.30486450608123,-0.3680325182237425,-0.5146852362112213,0.028283639431870178,-0.009064659661739527,0.04559735613478391,0.0136268943594543,-0.20683292992404034,-0.2876589064364232,43.51207785019989,41.96817552150043,-0.5146852362112355,-0.3680325182236803,2.1624853110372086,43.868558607401965,-2.5941770527235652
2017-05-01,5,3.707120648004561,3.7070362903613683,0.10907784848395097,-4.962433966971828,-3.157210161592772,-5.147113444643329,-21.953784870555303,19.36910147083097,-21.9977055056424,-2.1031710688304344,-12.953498642256335,18.879031334163244,-0.3475993737531837,-10.674401364968986,16.578628438863973,-359.2547621875399,2.198929342189672,1.2292277152394036,0.09494210781308782,0.11543592577468997,0.07688263510529667,0.13685316169754036,4.9027082303227125,4.747122121995268,114.92074008814133,107.26378154980809,1.2292277152393805,2.198929342189615,-5.904227073895015,102.1379737231767,2.3787909143291834
2017-06-01,6,-0.9433448851714226,-0.9433575738470235,-0.13328040526688478,1.3292005580293633,3.8576203574324595,-2.918071641500242,7.92834276222699,0.38764068752112735,6.3762124097252695,0.6272176620213106,3.4549962572270516,-5.498542630187373,-0.06346672751422489,9.549983114834276,-5.42294227727416,455.0127969272569,0.8316637741128261,0.9574812326399638,-0.011786624293881776,-0.04048808722410413,-0.019000890118251013,-0.03395856871924874,-0.8093151842002833,-0.7820117312138102,-28.300346555142667,-27.296226095110626,0.9574812326399691,0.8316637741128101,-4.127040837560102,-36.384884947131326,1.103997657028108
2017-07-01,7,-2.1327417969834253,-2.1328290544970026,-0.1699732393106843,2.2681013642198335,4.919972927148855,-2.5507652663820743,19.402406940173123,0.2546890951661567,16.13197402470189,1.5625885219212918,10.101222547737784,-13.944917091145541,0.23531129961432384,15.011781476464932,-12.973887256285707,732.5315104263386,1.036963092657345,2.433602964761292,-0.05975076329273418,-0.14094855510222806,-0.033764325515337784,-0.13562181385761657,-0.7600905038670795,-0.6802018873679394,-66.1149957064862,-61.7138036602142,2.433602964761267,1.0369630926573556,-2.03789422017924,-70.14615769018326,1.4744868826409845
2017-08-01,8,1.521728990741535,1.5216930934143447,-0.16120276634702657,-1.2229925138047537,4.665738516025101,-1.6570776159293255,4.74566754948539,6.933387042142101,2.5890946024860284,0.2914068731087731,0.33712955397996325,-2.3144599912270394,0.44146107616074914,1.4937909597895498,-2.480057869599591,-187.75762387013037,1.7152952713124705,1.5081800547731632,-0.014160875494109326,-0.025940510641301484,0.00413893818706601,-0.029008046447286384,1.5831554983985079,1.534293195466308,47.17359871298761,44.03047145296135,1.508180054773213,1.7152952713125007,0.9862669098100838,41.38233030959502,-1.031330462848682
2017-09-01,9,-0.12916735935512502,-0.12916442121186833,-0.13646401424989119,0.6013497816038267,3.9498774715078326,-2.661893508071925,-6.664694015844731,19.748117407418647,-4.539710874938521,-0.14431162778026518,-5.4183779346674115,3.631665437244777,0.4887858499114941,-1.0640129702908894,0.5337124244192637,-49.70600283144631,2.8872386002058192,2.551525871467163,0.07977152215880301,0.016933570346314764,0.022516670738828792,0.05943704423832796,4.594312852784476,4.595086102262176,-3.87502078065377,-3.737396447102654,2.551525871467124,2.8872386002058246,0.530300545871639,-7.6557019067255965,0.4987285339867644
2017-10-01,10,0.4726678182277899,0.4726298938508915,-0.2697285692669853,0.06535424258271494,7.807064259666689,-5.083729809271361,1.879902420528282,-3.282650902121759,1.7682628821939659,0.1213866212506538,1.415312440806268,-1.4144655023983717,0.39338619648464146,-4.96862450823852,-0.5564326543394031,232.83485005433022,-0.11413602798143074,-0.1552013239965504,0.044495107919538535,-0.019045344074220483,-0.003816514555940703,0.022494461891767736,-0.8280746131240484,-0.860650471539131,14.652702365061515,13.675633502629978,-0.15520132399656106,-0.11413602798142009,5.525057162577916,14.117807794344444,-2.7241813888032285
2017-11-01,11,-0.9727777779711309,-0.9728004517197353,-0.46123776978687125,1.134174304934333,13.350321495311277,3.250665901545016,41.743912961594646,-17.810418201698724,31.73223564117285,3.0787764309073857,12.403705533087688,-26.983650960549966,0.21672914761529682,9.905848397433772,-22.04863248977199,184.32107947411123,-1.8343571239744847,-0.7096276225449287,-0.10641450487453849,-0.0850655337005698,-0.03662446729091581,-0.1525309649511875,-4.99188683264742,-4.954269623315135,-29.183333339133924,-28.148161218742345,-0.7096276225450282,-1.8343571239744616,12.142784092338175,-27.334656652321435,-2.021041969394008
2017-12-01,12,-1.5929882786714686,-1.5929539575287937,0.1425704549337663,1.8024067081567026,-4.12673146226328,6.528197265834351,10.52326999855481,3.184887346697735,8.257517368514698,0.9490808929914607,3.4025360198388626,-7.103327426046235,0.01959615789246527,9.2672339323519,-7.217884789309096,94.97991888766728,0.22966797244339432,0.9840274333890875,-0.036896712405466325,-0.014966619750967108,-0.0015413174212893788,-0.025020485070839982,-0.5248901064032161,-0.47451481103858484,-49.38263663881554,-46.09241775256926,0.9840274333890733,0.2296679724433517,-2.0493491430429174,-45.31436103598527,1.2993256026363875
2018-01-01,1,0.3308348814091815,0.33080919590555435,0.09430486487709011,0.10918657890342703,-2.7297995891960625,-0.8680158915949221,-6.8263343905645115,-0.957521018070679,-5.884360215838797,-0.7192217150281124,0.1765947449748282,5.160015911993298,-0.27229851574776376,-3.0691678933324624,5.371664862610658,-240.43431879633386,-0.05477457203841141,-0.093857040942396,0.03088514539410192,0.006997550517920809,0.031178133906041877,0.024844923113299555,-0.20423153077398126,-0.21308065401790088,10.255881323684633,9.572025344489418,-0.09385704094236402,-0.05477457203843983,-2.3024969692782093,11.738123140584435,-1.7387951761771858
2018-02-01,2,-2.6269993689753335,-2.6270114432815204,-0.029538292565447044,2.5369648852627122,0.8547804009307356,9.831193631237834,33.873878062159974,-11.509558269871718,28.212615916725326,2.8184548996971053,12.893658529005272,-23.770114574623506,-0.2165390063025825,11.523313529685794,-19.41687227732274,570.0927407920351,-1.16647231015412,0.10457968183720823,-0.04599058087666369,-0.09013455869453091,-0.03704163633224872,-0.0855931592568166,-5.9171903235247285,-5.825860993581902,-74.75145842605394,-76.01306259495138,0.10457968183720112,-1.1664723101540666,7.893558747636867,-69.16476626169495,0.19048201344971538
2018-03-01,3,0.1506248251321214,0.1507173591150357,0.10621099870837325,-0.35958544046674945,-3.074209749941147,5.589653719642701,8.802123312109472,-2.3118961607622737,5.613575389578159,0.5958551111051058,2.6896249419271854,-4.703246744303215,0.03943819491240674,2.240024041663844,-3.5830462083642374,32.334145371314435,-0.6453925860962499,-0.10642342699770779,-0.022833902439751308,-0.04271524053285,0.017198868514721993,-0.03493524131163078,0.06324899929889227,0.041827317118791285,4.669369579095758,4.361034696615604,-0.10642342699769713,-0.6453925860962499,1.3430221667004094,9.280088780582691,-0.5018221673255336
2018-04-01,4,-2.8525301237688176,-2.852520265808095,-0.15100375309059988,3.4988028770969235,4.370887743943925,1.9021413424840716,13.481712419057402,16.40502923022052,12.474916146416234,1.5877924446046094,-0.0043467320827232925,-10.921545956639875,0.037621607903304266,10.092393441773538,-12.873639034770434,478.57250332090894,2.7085439605904185,3.0162832383676914,0.01777059322529706,-0.07356629211018142,-0.0415488725807448,-0.021733280211948258,3.4698471425157074,3.55662658232448,-85.57590371306453,-82.53820213565086,3.0162832383676736,2.7085439605904806,2.781245592996889,-88.78070788889255,4.652863602294631
2018-05-01,5,-0.020246429872120775,-0.02028404611442891,-0.16754851957214445,0.47348229275467135,4.84969866163182,-1.6942060849929614,3.1561719587563744,5.532476609824016,3.7853348463509917,0.4746570440485378,2.185402341817401,-3.361141010710355,0.01090610445493212,-2.5534225919849405,-3.668846033463808,342.8926131761384,1.2738131351620723,1.4103983779645546,0.05692572153991182,-0.0781761256841309,-0.001334769127679103,0.00044897933257037614,2.501722417060904,2.485086898787575,-0.6276393260357338,-0.5869226306258355,1.4103983779645315,1.2738131351620154,6.2222686254487485,2.765401240937008,-1.9797539077458985
2018-06-01,6,-0.8966102306631671,-0.8966432588648612,0.033283008541769465,1.1636493183368926,-0.9636198910213238,4.1174628199943,1.9543471365466871,-9.337283750955976,2.2438926876639584,0.1494570906160586,1.72909119363203,-1.9065765905156127,-0.027843291071320664,1.7254567563049932,-1.228149873694207,-353.9999071840323,-1.5179997258346134,-1.5137955128104181,-0.0670505861199088,0.009201547018380107,-0.010761866063151687,-0.033787627403953246,-2.255585010036935,-2.223268432200072,-26.898306919895006,-25.944538740302704,-1.5137955128104092,-1.5179997258345708,-0.4973068826108147,-22.5018681998028,-2.9763575320893896
2018-07-01,7,-0.12791653885967458,-0.1279844738281306,0.0970058057299743,0.4240075377022272,-2.8079243903680293,2.140934287355826,-17.467322777690804,13.316911930901199,-15.984374804725277,-1.45229996707622,-11.724293652580918,13.646078693665928,-0.07203982171887446,0.5462788523060453,11.808042419344872,-552.9090002828405,0.7611251655794149,0.08028735036106127,-0.0031694233527370663,0.13759060965954933,0.0663937244002249,0.13056040250682477,1.7883100598725683,1.756242851778147,-3.9654127046499497,-3.703254451045453,0.08028735036103463,0.7611251655794256,-12.354321271650903,-11.994856394255486,-1.2547949380728096
2018-08-01,8,-0.2768686998759904,-0.27679545700664443,0.10838197498582658,-0.23146418137507085,-3.13712135639485,4.721987299919086,4.179208736191811,-12.470493197989867,3.1676901615574025,0.15758976767556376,2.782544366114827,-2.6857346285268306,-0.11971882520913368,2.3418835747226865,-1.0972863969896878,-479.6518781586458,-1.3515457677631844,-1.9277868650095797,-0.0615243717159662,0.034783106433478594,-0.026466101679607,-0.037982342299395455,-3.2909459504295757,-3.2842693728266816,-8.582929696155688,-8.00912780690524,-1.9277868650095282,-1.3515457677631542,-1.2445971777329277,-4.4349279471310865,-1.6816756811122275
2018-09-01,9,-0.125647305911615,-0.1256834403062328,0.056070402224627,-0.12145355713574268,-1.6227605008319728,-3.639296162060811,-13.067878022097972,17.343670432018484,-10.510649897829751,-0.8211011915987214,-8.004558556149,8.879532846888793,-0.15996775052144585,1.9228244624822821,5.177992623706018,-702.4841605345641,2.893728473415649,1.7603669259546564,0.008158140423098093,0.06696404902156178,0.0009733598886702,0.03554783231547687,3.317841604040762,3.2851314209892983,-3.7694191773484533,-3.636673619972015,1.760366925954557,2.8937284734156545,-7.100817086188289,-13.501812577481317,4.387082372153017
2018-10-01,10,-0.9038432270525805,-0.903928648700755,-0.02120795030215472,0.9387987227378773,0.6136288217782209,1.258720065717771,-3.2423663748544413,1.7819688021450588,-3.8048072899019303,-0.3033959199902796,-2.3587398367051264,3.3924365911058487,-0.17644023566805345,3.513294598660167,1.5683752869934438,-180.0799943620425,0.157132064342818,-0.160566321269755,-0.01817156894049976,0.004686762314512316,0.04993763452451927,0.011812471769984234,1.5116482690579467,1.529597396159339,-28.019140038629956,-26.155342844350542,-0.16056632126976567,0.1571320643428269,-5.081669885653625,-28.944595909885663,-2.906045641896694
2018-11-01,11,0.54134819201699,0.541374459126823,-0.27159253902407343,0.3960264465059127,7.860866968407578,-4.152409984754101,2.4840593976056766,5.186010848471938,2.4919477202864755,0.3085278917194536,-1.034187627492841,-2.185031298847832,-0.15882048652582625,-0.26254155418672553,-2.405130315672295,124.00124536110025,1.109063989511526,0.8735516094591276,0.010096274613339506,-0.01759850073864419,0.002900845420591408,0.0029507293202404306,1.0345494262127737,0.9771030646367649,16.240445760509715,15.66477022936408,0.8735516094590814,1.1090639895115473,2.667671869858893,10.960813188128213,-0.48923805731279213
2018-12-01,12,-0.4961068976471079,-0.49614738404646097,-0.27993391877058027,0.40475625250653147,8.1026053191097,-0.2988397773945337,13.178095588639593,-1.2327181050149534,10.4880056474816,1.1939952686498856,0.9664594054866882,-9.061885063877043,-0.11041292210830989,-0.536026320820099,-8.413301023419422,127.43091878841233,0.08088250788927098,-0.06248978010432893,0.016406913827721192,-0.036517638036205696,-0.025340322208544402,-0.020105421321963912,0.49210681830687264,0.48713022068648115,-15.379313827060344,-14.356116436529561,-0.06248978010434314,0.08088250788922835,8.949327344239435,-13.801054528075028,0.2916601166752608
2019-01-01,1,3.146802983656925,3.146770433197645,-0.22381747865673152,-2.984328032274491,6.478134594249667,-15.298560100866467,-34.70666332250937,15.962263718568465,-27.805781952932193,-2.6610972227415957,-14.27411592716058,23.26537497855881,-0.08239480390864173,-19.800534308182364,19.00232021769972,-0.36715784882153457,2.2080808117310653,0.5015938220062139,0.18468658222783768,0.039672144514694696,0.0626874199263951,0.1757363580048158,7.6373059754259245,7.477333968147661,97.55089249336467,91.0523852198393,0.5015938220062459,2.2080808117310333,0.7982140904826451,85.54329826085367,-0.17083354478143953
2019-02-01,2,-0.6806913580852045,-0.6807048032349652,-0.37896461689884386,1.8913994195825152,10.968736949551413,-1.3574262272424882,14.687830952516578,-5.976080785541626,12.052230798443247,1.215079024200076,3.5819565112468297,-10.217331303247022,0.2130367916446403,5.1528215869572875,-8.359091711158214,129.84129405635736,-0.40524084942620675,-0.2511395217663903,-0.05082012842436329,-0.0408816317721338,-0.004743927877965709,-0.06249094574445968,-2.6331300598116556,-2.6288523349632555,-20.25483412113033,-19.696319538048755,-0.2511395217663974,-0.40524084942615346,3.2062701242009055,-24.482850433090533,-2.9759359303086743
2019-03-01,3,-0.1517148430251174,-0.15175381103060293,-0.032022646650469166,-0.5351403246607901,0.9266230436827243,-3.758158414221679,-8.272827025977904,-5.044406810797,-5.484144499574484,-0.5975070313289592,-1.2860519476417949,4.787955402699566,0.6241609913418529,-3.934706063529603,4.574427370596538,-45.243425043930074,-0.551288888683132,-0.8618550937014788,0.00914184064041762,0.015255778789795088,0.015411459618944884,0.016705150258677137,-0.9045772729294796,-0.916589976249071,-4.703160133778638,-4.391024624728104,-0.8618550937014682,-0.551288888683132,-0.6397213070669192,-5.287000890958918,-0.6703680845188043
2019-04-01,4,-0.33056529045861893,-0.3306712148927575,0.11146759469042111,0.4215595678970754,-3.2262123220171475,0.7325026442758009,-10.978604366314428,9.814102380152576,-8.75028398667709,-0.8078531731847249,-5.94979554225236,7.567193832005444,0.6197882125719616,2.2549073162032016,6.022741961929285,-431.1482864701484,1.3269730897836212,0.6520154125482804,0.018143465424239502,0.05925160808683849,0.0221031377002463,0.0576437550554576,1.614972950002592,1.6050919586476518,-9.91695871375856,-9.568032838332087,0.6520154125482662,1.3269730897836833,-8.277649278132493,-15.495781182435726,0.8763113879882818
2019-05-01,5,2.2336151611502606,2.2335355836059936,0.10647036187081382,-2.412587201417118,-3.0817161409879574,-3.232021896734911,-23.108191470250333,21.370967973938605,-21.74430031505338,-2.022348308231315,-13.23962853179394,18.66449794586633,0.3986493755216145,-7.819660776962792,15.418757130951434,-563.7014662537579,2.5596780265102552,1.5277134695537598,0.07054092436833054,0.1274379081927528,0.07526348632013477,0.14043402040944875,5.691348889490069,5.60157362779287,69.24206999565807,64.62776572934011,1.5277134695537367,2.5596780265101984,-7.599096353988642,59.22151689268897,0.8888686236504704
2019-06-01,6,-0.9028649101140807,-0.9028146893487903,-0.21794476595361045,1.3958990502662747,6.308237348165747,-5.3059703990662594,5.745418722636643,10.66048519702548,5.293397503366819,0.6149088493681774,2.1048262888826272,-4.633582136024742,0.03622424893816856,4.558072313855149,-4.960598573704999,1108.6491359554059,2.559267916307647,2.861880126684696,0.07629262409108728,-0.07733390798714532,-0.0037087171676853103,0.022358753388865393,2.005678774356312,2.0501575747047838,-27.0859473034224,-26.123110224212695,2.861880126684703,2.5592679163076895,0.40252625984987844,-33.55531021057118,1.5264888980426283
2019-07-01,7,-0.6623198466614815,-0.6622933981068115,-0.0031294113928641565,0.971404514486808,0.09037098927647946,1.618357061789887,0.8018418398412166,-3.167518701230904,0.7428333427297673,0.029680575811390497,1.2272197310924327,-0.6347547335507215,-0.35125784501312296,-3.200212900432888,-0.3961703277724382,207.2337528970629,-0.3237707659880016,-0.24474684977394645,0.04747512666208603,-0.020590975910648873,0.004208185310392604,0.009583450446703279,-0.20215785831521416,-0.2025643110728481,-20.531915246505946,-19.163582121146177,-0.24474684977397132,-0.3237707659879927,3.5963832282052834,-13.356376833609296,-2.301193048608074
2019-08-01,8,-0.6972779568779699,-0.6973210086695469,-0.04441326758504749,0.9972676803475367,1.2853080560465742,3.735408368470984,15.169079505212125,-12.126943713086234,12.448109060746361,1.1393040442055167,7.655900885617051,-10.691273343715693,-0.6484364434105601,5.865617076238493,-8.880731030783295,287.37070736401984,-0.8149181835906916,-0.677454500564977,-0.0352931352331361,-0.07704946365529239,-0.04100397517490739,-0.08051138869400887,-2.1512652810718436,-2.1088425328329627,-21.615616663217068,-20.177112519373466,-0.6774545005649291,-0.8149181835906614,3.0151139545449297,-16.461962654456208,-1.9853439664189196
2019-09-01,9,-1.254274449983241,-1.2542773192080632,-0.2596788442579574,1.2436399299308782,7.516089834059144,2.137825207636265,27.321545930868297,-8.131323574250246,22.370860719075296,2.240858858918905,8.590978756617233,-19.185865923507407,-0.7696402688505941,9.236901925025762,-16.807333996393794,278.0291340178278,-0.861611203180189,0.23228305080641576,-0.0751658177898609,-0.08407813682868573,-0.05061606029379592,-0.11862630786758743,-1.5151735886703896,-1.4176019471984986,-37.628233499497256,-36.29274650486295,0.23228305080637313,-0.8616112031801837,7.570432071368045,-37.17937639274882,0.9409721251947905
2019-10-01,10,0.28302552395103575,0.2830404512172944,-0.09348973614742517,0.032866546553217635,2.7058467274664224,-4.643166636138307,-0.9647297447052949,7.8342548446078695,-7.2313694439716585,-0.7237059244533199,-3.237412060542127,5.837775844112002,-0.7002730605863121,1.572461457747039,4.446466318965577,-25.05983749924144,0.6543080076032197,0.9192599931687369,-0.0085707475220555,0.02328477312107402,0.0559158549756717,0.0053879310059541385,2.579574767643095,2.5179857102949548,8.773791242482133,8.189827870870772,0.9192599931687226,0.6543080076032268,-6.018927776712623,0.12809724158974234,-0.6630438748979914
2019-11-01,11,-0.33697253004932737,-0.33697673872135603,-0.2972755725000189,0.9723463337378502,8.604246435898517,-2.9660610455968417,7.634812051817846,9.405560568840087,5.4331240813961585,0.7377481342368988,-0.9062051192595462,-4.7633608133371865,-0.4834176334026097,2.0161166958955334,-5.3827721592602416,214.95600748821926,1.383476163625744,1.3156962882772518,0.047223579601192445,-0.0284918639946318,-0.018200842909570802,0.00632724930943418,2.221775833657052,2.2128360636209905,-10.10917590147983,-9.750484338002195,1.3156962882772056,1.3834761636257653,3.3666554633646655,-15.019455852831143,0.03138054229507947
2019-12-01,12,-1.4989120508418012,-1.4989622124540753,-0.32522829847653245,1.871117025865831,9.41357399384816,4.141208144475151,36.78484807967769,-9.118822915295766,28.079309147265008,2.8052000307938485,9.827464338837785,-23.894385051065143,-0.1892980913156066,6.049470764954748,-19.53966250428681,729.3908871133895,-1.2574033134359865,-0.10465535343973897,-0.02633756307215801,-0.0893812573501199,-0.018233989938911593,-0.0759294442453538,-3.185722897532873,-3.158419788619092,-46.46627357609586,-43.37274920295356,-0.10465535343975318,-1.2574033134360292,13.490191739332005,-39.80827003137381,0.5121385739040969
2020-01-01,1,-0.754347095629277,-0.7543745059519509,-0.12135329067118228,1.793039454950009,3.5123776125896597,-0.485182552641092,2.1774943006322474,-0.8680860559225039,2.208285338641872,0.1895504818385021,0.6783311074308784,-1.8438996115851012,0.0896443482857876,2.332831744289649,-1.0287366584952338,244.48849773071515,-0.17263891723359848,-0.14721602488663166,-0.002621577553452603,-0.020448292032506893,0.025736227992330885,0.011459133194977045,-0.08041934909572745,-0.09361793090883452,-23.384759964507595,-21.82796602870225,-0.14721602488659968,-0.17263891723363045,-1.3040950857944296,-24.78281217129198,-1.8616265557944107
2020-02-01,2,-2.2887825642275086,-2.2887567268581823,-0.11672700493970645,2.3081746175471087,3.3782479067032796,9.639084998635344,35.644455613720424,-9.9735367072347,28.36765151161387,2.875349232202165,10.96297596978669,-24.057826079787986,-0.35241207252175855,13.763765553350169,-20.126198476811055,389.48476583632987,-1.4313757130159388,-0.17068119134034987,-0.10888870273154139,-0.09097327191515842,-0.036986275146859704,-0.13077585098271088,-3.784622332024238,-3.736271362037229,-62.67873646665093,-66.22559973547979,-0.17068119134030013,-1.4313757130158855,6.362432923460865,-63.31893192338486,0.07751720466264622
2020-03-01,3,-2.6737679607519294,-2.673772706266881,0.14854963908092422,2.1016037352181502,-4.2996120764885575,10.827060405657988,36.65014942285174,-3.3429359240050758,28.546749515545343,2.9235744540478734,14.25124508852219,-24.42094687257469,-1.259064438356745,15.237006750684486,-20.801234913025553,903.5936791751826,-0.8009014819046456,1.5660491083489774,-0.07237374995527901,-0.1280568054250541,-0.0363320285748607,-0.1302648634999709,-3.3144091253407097,-3.2417944501590874,-82.88680678330981,-77.36610839892595,1.566049108348988,-0.8009014819046456,5.564228162341083,-71.1445216149794,3.6422534548830985
2020-04-01,4,-2.807847663217783,-2.807885068251701,0.12381946064525184,3.4212991523698117,-3.5839001413856124,11.577379079739615,35.38922834250292,-20.9421244620425,29.617950058099183,2.7777541960156817,18.126245227980355,-25.39855018801117,-1.240948061776578,13.257629169114807,-20.709738741627802,759.840095523625,-2.6010104401736385,-0.58350230505215,-0.09122630400658072,-0.1337880920431047,-0.0741294538786696,-0.17472871946000007,-6.211811664557466,-6.110400562451755,-84.23542989653349,-81.24667442857928,-0.5835023050521642,-2.601010440173635,7.452109572512988,-69.48949073635752,-0.7211739783231783
2020-05-01,5,-0.8578416495063905,-0.8578066713200636,-0.07484245099045417,0.9270739099717922,2.166355877672366,2.1740013478803775,25.950149461945045,-18.13447422995779,19.65091997493434,1.7057556803897906,14.64430607340558,-16.884269152020522,-0.8443561752717983,12.33330450221328,-13.81012427641133,450.80353248405413,-1.9939116184564796,-0.35513864078995994,-0.12402835384065958,-0.12572803765618631,-0.04692787478498861,-0.19446101533654214,-4.150311050569275,-4.105765370849262,-26.593091134698113,-24.8207948877333,-0.35513864078998303,-1.993911618456595,1.4768197741980487,-23.409936844269783,-2.100394146937827
2020-06-01,6,1.005436558175576,1.0053742010880216,-0.07170602291814787,-0.6273986454992024,2.0756058859593978,-3.0323564439282613,-0.34071175554373667,7.9668868052962125,-1.552004108054419,-0.11628736051308763,-1.6077928063333928,1.2617542464528384,-0.18743771474944992,2.382060972818266,0.3848547663697559,97.96907141877477,0.8277541302628606,1.2057956133385233,-0.006303061992810777,-0.0009483391782763029,0.03145632853355099,0.0024650280013814863,1.9359899435028893,1.9108877799695847,30.163096745267282,29.0906886888895,1.2057956133385304,0.8277541302629015,-2.766915739188022,22.945377945892673,1.3027891178494198
2020-07-01,7,-0.8208917559546496,-0.8208957109118638,-0.08674830099540243,1.0560869647885172,2.5111348197764514,0.7742221320976315,6.7730611526367,-6.196225495417934,6.291448760804556,0.5976245169384935,3.9039229111691824,-5.391446076168009,0.4932323958801703,0.9383327048628018,-4.37721029290924,666.7875357331295,-1.064347057381326,-0.35649770189019137,0.01890106400829411,-0.04771924656243126,0.0037332138497087053,-0.0045082217033411975,-1.1694547818174215,-1.1410682051985042,-25.447644434594153,-23.752769412959026,-0.35649770189021623,-1.0643470573813154,3.4388775880464237,-21.02719285781378,-1.7978337868752559
2020-08-01,8,-0.9292969489041059,-0.9292691135647675,0.059115191275857626,0.7262363217699125,-1.7111062118447862,4.585991184026425,16.880326541368348,-4.562849925217961,13.961690576014547,1.360804662931418,8.647118405797606,-12.015609195975173,0.9598009817471507,6.6778537741212745,-11.097821563282707,185.52390715227193,-0.9650671095126881,0.8904294716509185,-0.07240433719286932,-0.0930189807266274,-0.03554587593732389,-0.12695434771964326,-0.9110361059870193,-0.8655997900041967,-28.808205416027263,-26.88857388786944,0.8904294716509682,-0.965067109512658,4.419967789161504,-21.251105704859114,0.4936058179959606
2020-09-01,9,-1.340643340675518,-1.3407176383028054,0.02308169418198114,1.1554828301788362,-0.6683724426217452,7.245681694423325,16.42970627987168,0.7600889475622807,15.403997917361721,1.6972065826617673,4.239102037414881,-13.29863226431786,1.0699983648918874,3.8745470269929285,-12.383332103273489,552.385224767183,-0.27624342003935,0.5580687192537539,0.013827559362282194,-0.06381584100285101,-0.01767339109758831,-0.014957286791457247,0.22474705321387134,0.2654685524881053,-40.219300220265566,-38.79391314533581,0.5580687192537113,-0.27624342003934643,8.508785076280574,-32.0989766015349,2.4822209751014275
2020-10-01,10,-3.2690731197605314,-3.269062939785604,0.1235765172895067,3.8921702431098804,-3.576660216662461,20.498716879655674,39.72470386386948,-4.156780344268952,33.716074142099785,3.634716921788474,12.860810918426331,-29.058156633182335,0.8500901503215346,15.843667280118012,-26.75633708386482,538.2032098879731,-1.2590727348369342,0.9046270010748572,-0.07677943470970017,-0.09982142777804157,-0.05908469190347532,-0.12159394809913027,-1.6387535078156645,-1.5192059773684825,-101.34126671257644,-94.59094154472234,0.9046270010748465,-1.2590727348369253,10.912669803746745,-79.37690057607594,-0.7247109482371998
2020-11-01,11,-2.0022495592290257,-2.002213514925095,0.6580673255794136,0.775777721497227,-19.047367209929874,19.55460890120131,20.96552960558776,-5.340712290535578,17.259402010174313,1.7705208700165507,12.485086414085131,-14.73478269904939,0.4338634387232787,6.560605682178732,-12.096304159939848,390.22844670908717,-1.6192972613602024,0.5998175183793819,-0.052974701482054354,-0.07690420298208028,-0.0224243632236239,-0.07486991714148361,-2.527488352388488,-2.485057088195184,-60.067486776870766,-57.934418834638166,0.5998175183793357,-1.619297261360181,5.535698477761073,-35.093807740640045,1.7424545936928242
2020-12-01,12,-1.0341041521089993,-1.0340592436600096,-0.09171892818394856,1.5629666640813136,2.6547756233713926,6.0548972973152715,23.951293889054995,-7.13121819189206,17.267989843582484,1.659555097226928,7.247965262968435,-14.630698824089535,-0.040311601175403666,13.246497536469604,-11.597146642628559,-84.16072869400477,-0.7972453231869281,-0.22803585296179563,-0.1293554610284607,-0.03453359494200911,-0.003000845303694294,-0.11272510827729482,-3.654818639330255,-3.6423690450648927,-32.05722871537898,-29.920695707754916,-0.22803585296180628,-0.7972453231869707,-1.6493508938411168,-32.89788286540187,-1.326939359565542
2021-01-01,1,1.547679390776179,1.5477113976254806,0.2199662595250036,-2.6437029549713227,-6.367170823266179,-0.5017869482964912,-9.62004553445081,-0.4241350526801284,-10.930597679366088,-1.2592171388465552,-1.1246609750743914,9.248762239587137,-0.5606766572400375,-4.658197604693157,8.86193438054977,-113.60435195802665,-0.2593907054859983,-0.43164883378227614,0.028242477729860826,0.02144207515579641,0.047339540491031395,0.022516213000471796,0.49098853342994886,0.41508427469318576,47.978061114061546,44.783315903515074,-0.431648833782301,-0.25939070548603027,-4.203736775856626,48.20189344387467,-1.2551434929500775
2021-02-01,2,-1.6210902474945819,-1.621053057143687,-0.3376219793462072,2.402906423447847,9.77218355510891,2.0624244281043573,30.979009567270253,-14.646400237171122,24.349637417006363,2.429807719121264,9.084846112705527,-20.66745174325419,-0.7608456464642472,11.153217790531727,-16.440608952757714,-159.9643720135673,-1.1239701541304044,-0.7851303953237903,-0.10761661366312286,-0.0685420008607164,-0.017867436430983707,-0.12199853970698538,-5.431148442834058,-5.357752648518723,-46.586003024592884,-46.905470403463156,-0.7851303953237405,-1.123970154130351,5.2873911622259655,-51.13826044368152,-0.2520023526645563
2021-03-01,3,-0.09057229741438277,-0.09055040582683294,0.16522673018953427,0.31952063186152024,-4.782370751380299,5.144380240062031,-0.2614737394885367,0.5699080068686158,0.20424040457763226,0.04414066337657019,0.6405447778517228,-0.16940488396119235,-0.6690005689430905,0.25627516042374054,-0.00043858845782551725,-53.17641825069563,-0.1808138455972994,-0.049507043488176805,0.0013944649872913994,0.03148242158016007,-0.0019730952709307026,0.03525164146599158,-0.32098493725249,-0.3305656229864731,-2.807741219845852,-2.620092761193078,-0.04950704348816615,-0.1808138455972994,-0.25583657196589904,2.7395908007936107,-0.8331493825722784
2021-04-01,4,-2.9048138968738355,-2.9047625992780706,-0.14608886573078195,3.0240516948118943,4.228601974602611,3.4996770694889285,21.377631777516882,-7.198664560145005,19.499781645690092,2.0059516877317343,8.83005738518964,-16.732857135906215,-0.6580123918938057,12.334098074455596,-14.878220925212219,150.21666416391326,-0.15766983872867968,0.4306041898806825,-0.07337619631842363,-0.09263638528948093,-0.0506801016071152,-0.10995803937028847,-3.189928707266507,-3.0940064319083795,-87.14441690621507,-84.04984372911082,0.43060418988067184,-0.1576698387286175,2.5441228507566436,-85.90884355958184,0.1745207066250467
2021-05-01,5,-1.2617776817374708,-1.261718153003212,-0.08605013464644484,1.1881646652881657,2.490315754054663,2.919866536790897,23.54056764207192,-20.11608708227118,18.91120910035113,1.695901389720266,12.901418623575545,-16.24402694185264,-0.4590390179021995,6.095146905949093,-13.34513386948177,591.9191912081367,-2.138575494514157,-1.1074558373856576,-0.09104421578425229,-0.1413059539029689,-0.0255564290407283,-0.15698046935806192,-3.9195508365845235,-3.8628373262667957,-39.1151081338616,-36.50804840865776,-1.1074558373856789,-2.138575494514214,7.2499869635326775,-29.68080322661128,-2.067573972568457
2021-06-01,6,-0.1619720797788462,-0.16202913282305076,0.061944015787900764,0.3156646581751201,-1.792865005679161,2.4929456156420127,-4.9222738947984155,-1.143369127302151,-3.603968619985068,-0.3012693475813695,-2.273933300654612,3.0988325133858012,-0.12836442501435386,-1.3882236244523938,2.9598599629381113,-555.1032344124524,-0.6619811037967338,-0.792447225656872,-0.04628007335026901,0.07461424008578277,-0.011362538992285204,0.02453820285861219,-1.4167392216648693,-1.4396448497053846,-4.8591623933653665,-4.688342963629935,-0.792447225656808,-0.661981103796693,-1.5716363384857175,-2.9421344737424846,-1.5249798226940445
2021-07-01,7,-2.202116879374473,-2.2021462149763815,-0.09312913261758093,2.1430899230671594,2.695784317448762,1.6989186161306886,24.934890210757274,-21.227149172013128,24.17979285017944,2.2035622737532616,16.793289539119463,-20.68630994697574,0.21070209561835895,8.174001306129242,-17.832701213651546,1762.3415702988846,-1.7006419033203315,-0.26924079255707056,-0.03540842003105127,-0.15630506413824408,-0.12873458095375218,-0.15312735019762408,-4.822477929017788,-4.71627483925225,-68.26562326060869,-63.71950853519623,-0.2692407925570972,-1.7006419033203208,9.65869990752229,-56.254910419399486,-0.5016825257231736
2021-08-01,8,-1.4589870630940431,-1.458940449362266,0.1750949793592036,1.4481480535997855,-5.068118642060952,4.822603568317647,9.509568529568412,-0.3331699828907517,8.696522948779517,0.8947494230578847,4.035071057381707,-7.459234690062232,0.43107701566145806,8.219871284029693,-7.181497164448302,36.23080485708397,0.13903521463839752,0.6693870567929707,-0.0767453503480007,-0.020636889860035396,-0.028395717789220704,-0.07038451035860838,-1.305416631948031,-1.2502084679909409,-45.228598955915324,-42.214712076454475,0.6693870567930187,0.13903521463842772,-1.0383741195812632,-41.85464626039861,3.669678706423835
2021-09-01,9,0.1947189126616662,0.19465852164735598,-0.00465366606176687,-0.8060280828671988,0.13488076976072705,0.6564987118174308,-6.459314356311452,12.968718717128866,-3.3466409122885636,-0.11106464734180932,-4.258081152349305,2.6919813406576623,0.46288133894933026,5.633030371622681,1.247287124709402,-121.5154774006478,1.8462347118019125,1.471546594025824,-0.014487006438609118,0.03047336417346619,-0.011209052236373418,0.04735657131414284,1.8465543456653712,1.837610207326236,5.841567379849948,5.632480371740641,1.471546594025778,1.8462347118019178,-6.880317496332039,-2.157438224465615,0.7747203301135115
2021-10-01,10,-1.5889759408036,-1.588908720418111,-0.12085717859235245,1.808065161059438,3.4979453751148526,4.2653305017295935,25.26032030656549,-10.29612569618115,19.062209931528344,1.8322788486463502,8.475915141053768,-16.074971252459562,0.33254877892545665,14.581100912242931,-12.750305176835354,-223.31251248584135,-1.3890295197653586,-0.27682112168440653,-0.13213740698820348,-0.04839064752321129,0.0018583034167918011,-0.12088972609450843,-4.233564642125206,-4.17344164605646,-49.25825416491156,-45.97536806765369,-0.2768211216844172,-1.389029519765348,-1.8307957354076407,-51.1398894127375,-0.1642197654386699
2021-11-01,11,-1.392288865807099,-1.3923215965514348,0.21280592516953334,1.7244858382850685,-6.159577829033651,8.741027760071969,7.2273096309719165,2.53592304732382,4.33163542509061,0.516255417988674,2.574536182907778,-3.8007075140747872,0.11754108663944862,10.830059710617093,-3.379597986589772,-198.1936538172099,-0.25890408430433354,0.6131217789348966,-0.09337526570759858,-0.008625414005912185,0.014931347643760001,-0.05042175198026566,-0.46709942607814625,-0.4514382248051447,-41.76866597421295,-40.28708323354847,0.613121778934854,-0.2589040843043122,-7.450461724027363,-40.22268852867089,-1.355278599871272
2021-12-01,12,-3.782655912221047,-3.782640139205349,0.349960491945283,3.2127483274522177,-10.129584114425967,22.247869113525006,48.24221636808301,-7.607437769256251,37.18953886946241,3.8439768059069124,16.596788489862618,-31.659422229873798,-0.10980047655652925,24.578012855866945,-27.413067350872893,400.5288672826505,-1.5472940191503426,0.872383208250028,-0.1982160704656157,-0.07054935993919789,-0.03837277612616449,-0.18222315650420862,-5.23037276059166,-5.095417362531943,-117.26233327885245,-109.45139291682145,0.8723832082500138,-1.5472940191503284,2.8350544950058776,-99.43110304830174,2.9443487409121625
2022-01-01,1,-2.0349703635017145,-2.0349648040141832,0.27268250081497136,1.99627995971412,-7.892698353192003,17.168102928264247,33.46140829009056,6.832989355962752,23.610733727734214,2.660594880379236,9.522462884440557,-20.311610421930396,-0.3813831066757416,14.254944951765026,-18.884174843226106,447.014251431669,-0.5800088185011418,1.9768090761885446,-0.1076910721614299,-0.0708896245561593,0.00016210141750400142,-0.11226161436787996,0.687078101896347,0.733544804552011,-63.08408126855315,-58.882083449484455,1.9768090761885766,-0.5800088185011738,4.629229891461009,-47.873898167249024,1.5137429624175436
2022-02-01,2,-2.2655246751138804,-2.265527276309003,0.2815376484689631,1.1930731488323807,-8.149148743313361,18.907349107279163,47.967005558415025,-10.155609911021827,35.55282849709454,3.581836942621262,17.93725723711203,-30.280516148819203,-0.3421066674908957,17.403194608556845,-25.03814496782968,426.5960745528439,-2.1964165807612517,0.8051028238085678,-0.13539796171239107,-0.1044561332601997,-0.031766686043364606,-0.1705992253376054,-4.938820213649198,-4.889174050715916,-64.63016699793324,-65.55345128208918,0.8051028238086175,-2.1964165807611984,7.634950359272814,-51.354410727244414,1.5850585477414176
2022-03-01,3,1.2403674267408924,1.2404031858162945,-0.12009703839774488,-0.5928562212492202,3.476417067121403,-0.018420084254994862,1.7545878061307292,-6.133062922616432,-1.2443219365046048,-0.2994195552672174,0.9828195916482798,1.0851623451546288,-0.0935015248139166,-4.129266780560016,2.5334160385204996,53.265892290304464,-1.1447272559852308,-1.1049429332404088,0.011332229779050573,0.007501891945985106,0.042107104073575485,0.013796129386839495,-1.03109142281021,-1.1085812236599324,38.45139022896768,35.891295885888155,-1.1049429332403946,-1.1447272559852308,1.5958507420395307,39.53670848047561,-5.525978919669319
2022-04-01,4,0.7163576710370769,0.7163494971538116,-0.07422375353210686,-1.962435808638035,2.1482668390149087,-3.808057910244319,1.7285745151041993,-6.208901304154722,0.8307643275236103,-0.034132946701337374,1.461905579862858,-0.6570013555637786,-0.08508988307539767,2.751158707861407,0.3227409776508523,-141.887365507705,-0.5868298681383521,-0.8110450775684512,-0.0571231571415825,-0.02821065864360492,0.024613469416802702,-0.03604357623693355,-1.467135470142452,-1.493591325550959,21.490730131112286,20.727705357459826,-0.8110450775684654,-0.58682986813829,-3.073899685512238,14.65065198600232,0.8548868469303423
2022-05-01,5,-0.4323561939302576,-0.43235045319746224,0.017851687885201972,0.8582843007457912,-0.5167705419571789,2.410582948659348,1.5875451135696181,-10.753972257528005,0.568325367692978,-0.07920910613801802,1.5393364255457627,-0.42845324920698147,-0.08026391008854716,2.465526325864147,0.8092935470173472,-145.60661398405045,-1.5432231349458903,-1.7714121722964933,-0.07088446719384628,0.028361080108268266,0.024873426290669493,-0.005705980635915986,-3.144076177241324,-3.134455709649089,-13.403042011837982,-12.510140428167304,-1.7714121722965164,-1.5432231349459453,-3.274819872881494,-12.263494176050628,-3.0046955830409594
2022-06-01,6,-0.7913398906699629,-0.7913487056792841,0.1342177626682588,0.9488001695731001,-3.885146883821399,4.569369189243629,4.024019255484646,-12.920919646113305,2.7445696802315496,0.1452109637428638,2.450619576317706,-2.2990210680288072,-0.07293565262759216,-0.3782378858394111,-0.9855652627086045,-310.8231276426461,-1.9136593702658047,-2.059106813487176,0.012489414455296,0.022591187381339806,-0.005213249438879186,-0.017557789906824217,-2.9388971722539736,-2.9527698953971253,-23.740196720098865,-22.897821344886694,-2.059106813487171,-1.9136593702657638,1.363803148547973,-16.81305049880615,-0.8358208137111394
2022-07-01,7,-0.641085510476211,-0.6410963422258535,-0.221397289652552,0.9045302705750786,6.408095069898927,-6.059336730362953,2.9979934793855847,14.236592919719726,3.816695049795328,0.5766132825912855,-0.9568714823852105,-3.389085255252283,-0.07746678414360986,2.4072510670958422,-4.309374803544046,843.1424589887292,2.481145019916994,2.7300323499179626,0.05826902137135065,-0.07956524891400588,0.0030270984996791928,0.028407655787952346,3.0326887386908474,3.0699541754338213,-19.873650824762564,-18.550241383849936,2.7300323499179378,2.481145019917003,1.9021237364482033,-27.053411115402206,3.9971983981015415
2022-08-01,8,-0.3812185391826324,-0.38121908855301134,-0.025398216797431594,0.22664001871757367,0.7349175003355768,3.8544630741134105,7.92328589600065,-9.296639629166918,7.861633190452693,0.7305724466267307,4.995314566741008,-6.644156143427068,-0.10633842087798939,1.0620184438714375,-4.932733826861295,63.39788589514774,-0.7362423147372965,-0.842032728189281,-0.03890022129776072,-0.02644064882200628,-0.014990394007169505,-0.03757315527926747,-2.4118596621358215,-2.400187880049671,-11.817774714661581,-11.0306449234089,-0.842032728189233,-0.7362423147372681,3.8707153829899568,-4.954308042991599,-2.940538997762924
2022-09-01,9,-1.609384564903992,-1.6094150692797284,0.1176934345807279,1.4557388460710654,-3.40641916580266,6.9014990132727085,10.221228430768633,-15.241170994434754,12.301964326695838,1.0919657606040225,7.820879052938679,-10.322291240247125,-0.15584040418303857,4.245551005118472,-7.362817978522486,145.87626035495123,-1.7348959152703287,-1.4988986017695538,-0.05727089546981379,-0.04763774726847711,-0.006827991686849916,-0.05870013651071715,-4.42942273674047,-4.370159370528388,-48.28153694711979,-46.56872306943659,-1.4988986017695982,-1.7348959152702665,3.1172669734040275,-39.05136927006831,-0.9936676601615768
2022-10-01,10,-1.064927266231634,-1.0649833112029414,0.14504201259297123,1.1068464369379971,-4.19847509223915,7.913996734141584,16.618889054527784,-12.957088875880459,12.232513738823428,1.1043460060371935,7.084069786677581,-10.424604890502565,-0.20125363780488215,10.641487554239148,-7.48187587954385,-359.6067930878078,-2.079616130422835,-1.2138054648718821,-0.12848266145938148,-0.02533761697775716,0.0037303914871806843,-0.10848162939931827,-4.661671798024848,-4.627457975857645,-33.01274525318067,-30.8154893287888,-1.2138054648718928,-2.0796161304228242,-3.159611674695306,-29.40163937316747,-0.3749865380774908
2022-11-01,11,-2.3880353942028263,-2.3880241301825107,0.11744665960636969,1.7788570704417248,-3.3994565678300575,12.990798242015213,44.426642450773244,-16.66807320605085,34.0977045689508,3.3467880381521944,16.326917640104398,-29.096039936929515,-0.21761312556822077,13.981027175997497,-23.20510242148879,471.1948989247335,-2.599847818682406,-0.2760951201416333,-0.12359411632869188,-0.08398967232122548,-0.04777615458012291,-0.1610226340261498,-5.860894523721832,-5.769784892046292,-71.64106182608478,-69.09792043352172,-0.276095120141683,-2.5998478186823846,9.224075245491264,-59.6521692428404,3.1777806226399976
2022-12-01,12,-2.6623211657738497,-2.662358268848802,0.38208971329927266,2.7712081949974756,-11.059291278025668,20.346391443319227,35.65214355424445,-2.280707545095197,27.662808840791968,2.960385959192891,12.977573511852356,-23.611943464610675,-0.19859355481651164,15.258099480273444,-21.08179974145463,132.35896720803248,-1.2979208724069622,0.9679613936835949,-0.1178510175988702,-0.0771222910477181,-0.018137750501232897,-0.12271306647182317,-2.7914855102108227,-2.688703107543688,-82.53195613898934,-77.03582953844914,0.9679613936835807,-1.2979208724070048,5.8237002611810595,-61.500107786707176,1.3472697874647972
2023-01-01,1,-2.050694715649574,-2.0507210788394734,0.4753988681039898,1.273083677388167,-13.76056425949696,16.277251761590115,33.96073939982591,-3.29327571076351,23.76319343262395,2.4492237309561204,14.826855977565856,-20.201141282247193,-0.1291517623220102,14.645033544999592,-16.29742195688698,405.6118233576258,-1.7277170482637985,1.2011600636006392,-0.11495400041822859,-0.10045987060017329,0.0023317198521266846,-0.13242405927872836,-3.969907514287833,-3.9161525728809714,-63.57153618513679,-59.33799417938289,1.2011600636006712,-1.7277170482638304,1.6523884118873724,-46.78263931058675,2.857597802588165
2023-02-01,2,-1.9296652906543232,-1.9296837251570942,0.36460630490730406,1.0221574161926477,-10.55362271278264,17.387240185465973,33.1653113140477,-8.407213234021867,25.125740676714997,2.4868152846343747,14.958875598113927,-21.31264001951311,0.1447694225515761,8.88469810948314,-17.385181902843215,656.621351705496,-2.2502625400825877,0.4328499146125182,-0.052334011873170994,-0.09882788980106061,-0.007934721646890713,-0.10402404480673749,-4.804865787865015,-4.764372220253712,-55.226104233065655,-55.83575593625848,0.43284991461256794,-2.2502625400825345,8.500483793360054,-36.30179637883165,-0.4798530512841186
2023-03-01,3,0.0996355118874348,0.09963196429712884,0.042587425505332455,-0.49095436753060173,-1.2324197343755259,5.121483077226909,10.077269709473114,15.861105671914402,5.601870561438233,0.8705440847735169,-0.5353819448956827,-5.112045921025441,0.5405545250204113,2.3453163409959643,-7.2531296291566605,131.96079371932728,1.7208996697268617,2.2599303304258456,0.023923653844444892,-0.07590647314607071,0.014383995013797779,-0.01669839745126067,5.249026728457846,5.268583989299106,3.0887008685104718,2.8828693373012015,2.2599303304258562,1.7208996697268581,4.907813288160712,7.264737836767711,1.7583645230697105
2023-04-01,4,-2.45968535330027,-2.4597511486996164,-0.005852342985680714,2.4293735721513925,0.16947430151671483,3.774115062134019,10.42710234697472,-8.545122220142503,9.85782142700333,0.96747763203415,6.326930768899658,-8.385442802645116,0.5360867959331586,7.623162310047235,-6.946765412543698,30.85050885739315,-0.9828946012067377,-0.47062881898386877,-0.0809970910311851,-0.04872210373187222,0.010471964026127406,-0.05728607441383898,-3.8774800253194677,-3.8110392551683745,-73.7905605990081,-71.17335499709537,-0.47062881898388653,-0.9828946012066755,-0.6763968975035155,-70.13414886621037,-1.8850773299052568
2023-05-01,5,-0.5361678364695015,-0.5361975289713556,-0.04251820159461994,0.7399868879924896,1.2303472443725951,-0.8969245643344514,7.66375054025842,1.2863280586360588,4.392236983969397,0.38458832239650675,3.3697499251570804,-3.8219263595587023,0.3386688098938748,1.848631619151547,-3.6229530434282537,280.38796839177826,0.933837622560759,1.0436272934368844,0.0324905441603171,-0.04557300119614893,0.0026605032469562973,-0.03749074100728378,1.1128378187803847,1.1197991299956627,-16.62120293055453,-15.514974796624884,1.0436272934368613,0.9338376225607021,1.7743214242767067,-15.08975437108423,0.11875375436347113
2023-06-01,6,-1.6152338095171692,-1.6152816739654474,-0.05803700985932614,2.4990377248404467,1.6796624631870287,1.5000979952470614,5.563229737438348,4.76505603409322,4.123081061023683,0.4911052347019069,0.8905154809898121,-3.6163522380579707,0.017041467514815167,7.62813007071486,-4.09537250250122,-204.7423315948938,0.9286777010848368,1.0852434884835702,-0.0779502071289852,-0.042760709225637406,0.005029523238061606,-0.05839126275950035,0.7534019421126281,0.794282107707577,-48.457014285515065,-46.73847436242614,1.0852434884835773,0.9286777010848759,-3.53275756821364,-51.49697069246089,-0.45392370136592497
2023-07-01,7,-0.10717496946428362,-0.10717398089305696,-0.017125777628851147,0.6561025791856587,0.4959064428000062,0.06527526626751579,-4.434748708532112,13.96916211264454,-4.0678420773368344,-0.21512189729481612,-4.6186235672984,3.416615212720842,-0.3276961870015782,2.4468633153927044,2.105562054092701,-179.42773429014846,1.9624489061908434,1.5429000968477453,0.008830103760829822,0.03035153658170542,0.03616251986041402,0.06286335292162193,2.3844823493115967,2.3740215291936515,-3.322424053392808,-3.101098984174129,1.5429000968477187,1.962448906190854,-4.552425369485448,-8.790257441969601,0.640826645510042
2023-08-01,8,-1.0410696798296764,-1.041092797802139,-0.20414808758423542,0.9791214546831138,5.908941540414119,2.756368908483693,19.82328104691385,0.5397151657409722,16.630234435474534,1.7470317788166732,6.8796831117875215,-14.329043117192668,-0.5992207416366,9.972078980178821,-14.175126322514956,28.66807894466865,0.4685951917675766,1.3203207221434923,-0.06425198655130351,-0.0722281295639115,-0.0626096323272888,-0.12129568213138625,0.03996759266460259,0.09065764176386182,-32.273160074719954,-30.124212899367457,1.320320722143542,0.4685951917676068,4.203047342336205,-30.614156653952712,-1.2159504434926547
2023-09-01,9,2.5622704632320286,2.5622595956009615,-0.12260272418421447,-2.537444683383018,3.5486614758937094,-6.456873056323181,-15.8958059881395,20.179844077146015,-16.669787381123683,-1.43211217497376,-11.716926986985065,13.987207588124562,-0.7206765147880674,0.6068221295038825,10.132642945141924,-377.57218883815517,2.1844059895754526,1.2542757192280192,0.019271246018747412,0.06919888709712257,0.05153060217926217,0.08238234878225092,6.241528457741779,6.140308428509865,76.86811389696084,74.13945589123155,1.2542757192279765,2.184405989575458,-10.739465074645793,59.21339836140204,0.6379309792899912
2023-10-01,10,1.092883946150943,1.092883861302222,0.16025363621632271,-2.3636251875128385,-4.638089986331067,4.031221214290873,3.046562027210882,1.3743983322485747,-1.387042143147113,-0.19786422802280157,0.028568653891007045,1.1882381118110459,-0.6711500652299947,6.132638943495323,0.9680654313906984,-215.24266745566683,-0.2970221062776659,-0.3052214014321635,-0.07782344102689259,-0.02436379083138368,0.03408830023305798,-0.04999454476448606,1.669147721512104,1.6252847767054206,33.87940233067923,31.622796912680087,-0.3052214014321706,-0.297022106277657,-7.10070437488605,29.770120517786907,-0.6099379936618279
2023-11-01,11,3.7272485264333204,3.727260637290253,-0.10694360807296643,-4.639827489201865,3.0957267749274706,-12.008110421703066,-20.142873125153386,13.104662050014724,-23.049677832332833,-2.313811968317136,-10.357260221261974,19.439454403258395,-0.4817956526962348,-6.182566317359942,16.121134545121947,59.071600180229325,1.286627314221903,0.2912929017575152,0.07207410782596713,0.045485917427385,0.0773993403728763,0.0808877336097259,5.560998105225835,5.419588297662539,111.8174557929996,107.8489767734448,0.29129290175746547,1.2866273142219242,-9.938568227762048,94.98449230597618,-0.1698105352208641
2023-12-01,12,1.1416882207406536,1.1416311405495652,-0.3613997840560845,-1.0781696778624716,10.460674077930747,-12.500173412359711,-19.769530374824512,11.375511271022958,-18.039512708228017,-1.7297557256061182,-10.604585098443877,15.114360999335219,-0.212525038700619,-6.940661661162693,12.183119477578487,108.22532384432543,1.5023763423442347,0.07490661395416964,0.07770122183447897,0.053469127735765204,0.0241396960118668,0.097409734067881,4.528713346564562,4.423789027186096,35.39233484296025,33.033308464975846,0.07490661395415188,1.5023763423441885,-5.242457816415879,19.800453137091637,-2.470276566462373
2024-01-01,1,-0.7568056631746316,-0.7569024133818023,-0.2676417928378836,0.7065202501493854,7.746454219144766,-2.9049713459666435,7.164749212078988,-2.924004690888694,5.7195875127343925,0.5601007814280976,0.4039171808704012,-4.915493357293798,0.20555099845023506,10.343885003315734,-4.560975641570906,-265.998661806545,0.06918909276578233,-0.3990503533235028,-0.1230374941038695,-0.01287009262949479,-0.010694758458674708,-0.09034542146652336,-1.7920646586783775,-1.786710098673332,-23.46097555841358,-21.901111498316013,-0.39905035332347083,0.06918909276575036,-5.782909361744899,-35.10056838245096,-0.32990669675471374
2024-02-01,2,-1.0216035664831704,-1.0216481457095101,-0.04003625091384677,0.3348779273500023,1.1587359517835836,3.262522454720756,7.19684876694572,14.687529063447869,5.022484346540523,0.8983950400163891,-2.5209892354483188,-4.502638413362433,-0.2715354082984618,1.5677396349154549,-6.364062557220336,102.33471003105137,1.439840753519377,1.6510305144481663,0.06288911480931814,-0.002816480163629592,-0.0022272513203453193,0.057082072249873494,4.3345423287943134,4.347457019438693,-25.930545532065096,-29.561578290205716,1.651030514448216,1.4398407535194302,4.796322922304803,-28.526360561990934,2.602369242306443
2024-03-01,3,0.16377031785176932,0.16368665639626645,-0.4220576633958175,-0.21279315079293248,12.215898039656736,-4.189677611372339,12.796773355883772,10.255551802338687,8.883445057990798,1.0761821614823432,-1.2273695861972058,-7.838976192385616,-1.2155949654414258,3.6381306741091066,-8.171794348865603,485.771573127656,1.503867530303296,1.227006344749384,0.02235665456437641,-0.045518277190133294,-0.019165287296633304,-0.02150004624690749,3.457592388797007,3.433865897579661,5.076879853404847,4.736303715169711,1.2270063447493946,1.503867530303296,4.533663674756513,-3.9860560000289205,1.0401253502984193
2024-04-01,4,2.823123308914944,2.8230664677516444,-0.07611897730575512,-3.2475214403090273,2.2033072994729537,-8.166549598195278,-17.518506961900698,18.956266508200883,-20.097100167635745,-1.9648895627201846,-11.440801649722616,17.068554094173166,-1.221859906316638,-3.368695692551313,14.583919673511957,-433.9141234219103,2.1906313610280677,1.2724240545932162,0.007713225686244385,0.07654687735103116,0.10802265817699738,0.0801271777591408,7.263931674248536,7.150999050559697,84.69369926744832,81.68595103448044,1.272424054593202,2.19063136102813,-11.215223980960644,67.93192989977504,0.3354898542717999
2024-05-01,5,2.1471393155554432,2.1470194429377507,-0.02385078133960139,-1.1601702400748857,0.6901655850852606,-1.683451124509884,-18.077240234575676,8.19464643432832,-20.318825891520888,-2.061113051725286,-11.668749414994117,17.414627526394625,-0.8219404523267428,-3.8323663116345017,16.213224466536133,-482.8022571105405,-0.3804300384545627,-0.9861581369882515,0.033619941724468694,0.17882808442231007,0.0995911091476783,0.12975700548652502,2.6377849956548793,2.504751061202956,66.56131878221875,62.124405177596955,-0.9861581369883314,-0.38043003845461776,-12.380858154901645,53.80597400958597,-4.752592571975892
2024-06-01,6,-0.974540068367963,-0.9746153647316396,-0.34303020462595013,1.5247431534670086,9.928571126723831,-6.434856291701216,9.286803184453447,11.797524005221419,7.823358902352638,0.9055808893179584,1.9616442615646008,-6.845189512096752,-0.1322846276751477,8.76615181260388,-7.799231817890075,884.1771694172733,2.1360629973841014,2.8077913662687592,-0.004408382184435622,-0.09869666693754181,-0.00516478165476511,-0.024315614043164957,2.940401516136081,2.988591700857718,-29.236202051038887,-28.200676062836806,2.8077913662687664,2.1360629973841423,-0.9669199947138196,-40.485997599784014,1.389830415509541
2024-07-01,7,-1.8047312372960809,-1.804669944952704,0.10349172188769185,1.4064743387522984,-2.995567782720805,3.841306181235182,1.7658585865632688,-3.4735079722173055,2.280490268136802,0.25389102523742224,0.26913075292256394,-1.9100691048916048,0.5944764483680558,4.283607959469748,-1.4542764355123268,186.04053362610466,-0.8354924695302657,-0.7350945735279879,-0.05058135418820717,-0.013369391806664077,-0.016053433175106685,-0.00890501155520318,-1.8970289276344907,-1.8613805654536861,-55.94666835617851,-52.21845905534445,-0.7350945735280678,-0.835492469530255,-2.8293315239574355,-52.8474227500357,0.7951999534546519
2024-08-01,8,-0.08106050966449008,-0.08096980974384937,-0.11697566153764027,0.4500245072609437,3.3856613985823856,-1.4723116998389854,0.2488820915875607,0.004995170334609611,-0.2030733027011138,-0.00213002637855908,-0.14890425832368948,0.07121842105516407,1.1035116382834076,-0.4679141073661697,-0.2129461109538795,-161.71667220321024,-0.46461619394665377,-0.3349430403064275,-0.024428449823011122,0.022757031034357805,0.011098448297903796,-0.004523049892761755,0.7187732286277289,0.6941346247889335,-2.5128757995991577,-2.3428764393475205,-0.334943040306376,-0.4646161939466804,0.6808602183201202,-3.2120137581349155,-1.8356638614748733
2024-09-01,9,-0.5644272542148885,-0.564449772248262,-0.36368841944252583,0.8173444669835432,10.52680699086035,-3.2319727077888984,20.081709379600767,8.076113736783213,16.964829959990396,1.8676852972130114,3.147141821983425,-14.78701404759883,1.2367879626636977,10.248584140001896,-14.98370222443387,608.987445987616,1.7596030135240426,1.8119819297825188,-0.0312440158303251,-0.04343989732944392,-0.08294457105939482,-0.06153379271363513,0.5246461345690179,0.5440057932905091,-16.932817626446678,-16.33245868773905,1.8119819297824762,1.759603013524048,4.735118084432044,-26.469185536711336,4.345037942543982
2024-10-01,10,-1.6136760949491427,-1.613705425039612,-0.39733269256797854,1.8536292991544414,11.500638546895559,1.0685988481896267,24.994207138826766,3.179456612515878,19.627901004048397,2.170846094704004,4.450409937648608,-16.94983046652152,1.019704746164848,10.3889052843015,-16.44124285127498,143.26140107854872,0.9228589010367614,1.098969184680243,-0.046741125107631065,-0.06384269018987568,-0.03746321509239711,-0.09289963033370446,0.39373390295705946,0.44146813085665215,-50.023958943423395,-46.69286530785912,1.0989691846802323,0.922858901036772,6.0523375669734705,-52.07134942156894,-0.06981686621226135
2024-11-01,11,-0.3315918682734891,-0.33166014200524074,0.1743949528637483,0.046230176877555484,-5.047721971090837,-3.086555522136017,-25.292501387003085,17.179332855370433,-21.03514079314286,-1.8474344147244857,-9.221497620532958,17.711092032420396,0.5928528807144744,1.1180391244766952,12.956772488848287,-403.41628900378805,1.671428423724933,1.1031585912846822,0.0052452715924034,0.035766447112968724,0.059142894523748685,0.059711648180121646,5.467207214356812,5.448796547767326,-9.947756048204667,-9.596647627466481,1.103158591284636,1.6714284237249544,-14.074811613324997,-18.268420351040035,-0.3553169186606082
2024-12-01,12,0.6010872279875876,0.601069806585671,-0.1950927919806995,-0.3080150738090859,5.646811012114085,-2.1192152424851827,3.4020944722773834,-11.528513585949952,0.9908097104510603,-0.15030802017258793,1.0598367401552764,-0.6953886510723635,0.10122427091545205,10.05768982656869,1.4784539219974135,-384.3504914318696,-1.2575793795369918,-1.6498635431580624,-0.1230652293572918,0.031131381214567905,0.03094440512297872,-0.062457692959483,-4.236989165454098,-4.263344428591456,18.633704067615213,17.392066162779827,-1.6498635431581299,-1.2575793795370345,-11.536143748566175,4.101155260811353,-3.892043858711772
2025-01-01,1,-2.3207750563051595,-2.3208276050969334,0.15337948350068764,2.175381716737037,-4.439098234262843,14.418344699956556,37.001254473137294,-5.42826500005674,28.312177156643713,2.984443115972013,11.57937162593582,-24.03970827435657,-0.33173203840419774,16.37552221307965,-21.071555903280967,471.4748252854288,-1.2496188239925345,0.4929004330630846,-0.1406732090330175,-0.0637551246470045,-0.024792870121788324,-0.13287394153048515,-3.734235401867828,-3.650218563355679,-71.94402674545994,-67.15357653636958,0.49290043306312015,-1.2496188239925665,4.696033690201304,-60.49953479463251,2.4810901827270495
2025-02-01,2,-1.1914538884889203,-1.191467705642037,-0.1876862361422562,-0.07671578523718181,5.432400637057199,7.214120295608748,34.37227010380025,13.352732238041881,24.335098627939146,2.8902777622799896,4.40124646147342,-21.046113350692906,-0.5753672167135733,9.09935845437937,-20.923751575506742,424.35104506739776,1.3192257773125107,2.3891674092910193,-0.023897178530353558,-0.0978507397662184,-0.03587217355445302,-0.08934567168203339,3.1153430378801445,3.140888703412408,-34.556184972434366,-34.475338704920034,2.389167409291069,1.3192257773125604,11.82439312112735,-32.08169217740346,3.9983459565535835
2025-03-01,3,-1.1324384344878036,-1.1324857102222348,-0.06282865380581582,1.2074669041051713,1.8184305509661982,5.089708244207248,15.351973855200157,6.028837736808214,10.722590744843814,1.3002815968764843,2.7108747111695664,-9.329172660617871,-0.5352378772030306,1.3684582688372302,-9.207382549462807,271.7373850790202,0.21050240890178884,1.155495787923826,-0.02876470288890831,-0.08107393435429569,0.009409096459214394,-0.06247283038930901,2.0343501680549316,2.048775535766435,-35.10559146912192,-32.76868374485633,1.1554957879238366,0.21050240890178884,7.8389242806255925,-26.458349169471784,-0.28984084572512886
2025-04-01,4,-1.7477778912297603,-1.7477474972956966,0.01499625928517423,2.411920733845114,-0.43412851666732877,1.927862833378322,2.7528588385757615,-8.325307052719893,1.4011183290054987,0.048910016139533496,2.4483283216533636,-1.1205370102422307,-0.5666472211626115,8.36545155794903,-0.3526286660458027,-105.38339407236163,-1.1423807118881655,-1.1400465817537224,-0.0948485943666022,0.008007687063516677,0.026293857631566803,-0.0243807228884792,-2.5612291772722884,-2.517606051373228,-52.43333673689281,-50.5713974911949,-1.1400465817537366,-1.1423807118881015,-8.012822891903205,-55.328566238308674,-2.8215256281221164
2025-05-01,5,1.6187561693879422,1.6187187976768902,-0.16122270264970284,-1.7312112465683671,4.666332116671931,-3.3040291108846036,2.20275776974421,8.481360876059398,1.9135246722659787,0.2802616498204866,-0.5915218705887426,-1.6952397159994774,-0.379234237793753,-2.762595740941805,-1.88124754771124,392.8718208488683,1.3600471243021843,1.2798356418177832,0.053594183079610114,-0.043892996532446216,0.0122074987558288,0.022283809448362057,2.5732404415889008,2.529916187289327,50.181441251026214,46.83792817352112,1.27983564181776,1.3600471243021275,4.6438432886530165,45.890980764701325,0.9244585808008976
2025-06-01,6,1.6061345225605685,1.606135596419632,0.009396827879597058,-1.3980359474966626,-0.2719331563376741,1.7068995284871775,0.667983134740993,-11.321418496549484,-0.11999261871116573,-0.12750743644570406,1.8988022515808112,0.18501943229058782,-0.02245454310104833,-3.0482879318595337,1.4007355549470617,-327.6420312151115,-1.7566331953660779,-2.1157375130612763,-0.030372065232568524,0.03715259355922207,0.007111828390538588,-0.0005231207313481923,-2.525316117112233,-2.5944377591453396,48.18403567681706,46.4738309149199,-2.1157375130612692,-1.756633195366037,1.6475523769124578,51.912104504190964,-3.5187880560209113
2025-07-01,7,-1.3758317111884244,-1.3757044173613953,0.0422748813430458,1.022910282723641,-1.2237427878273834,3.8182055905294616,12.218848244156263,-9.136161619427128,11.715562814429518,1.1233516908520773,5.778342498073151,-10.07428883406972,0.3655387385769586,7.383790089609789,-9.502486364908151,267.9546600762501,-0.22112097110766626,-0.5667484986217914,-0.05411346588455748,-0.06730606525342367,-0.05722276561386469,-0.08284396777409958,-2.3977950924668185,-2.343141308279211,-42.65078304684117,-39.80626207642927,-0.5667484986218163,-0.2211209711076556,2.118696275298362,-38.16530654659804,1.701483533294517
2025-08-01,8,0.4597291231403142,0.4596607536922397,-0.11415258495122638,-0.48279837458534147,3.3039591040221126,-2.8725661257610486,1.2376728594661586,-3.37657952720582,0.8994393023375835,0.07516747697174964,0.08336768027261598,-0.7476431796639815,0.6404184808787363,-3.663648673614972,-0.6046158660797119,-175.30978707119266,-0.3329862337426448,-0.6541824928864912,-0.0033990703315541215,0.012157830609461295,-0.019412411188970996,0.0016135840897647524,-0.5767047705400614,-0.6089218798328204,14.251602817349763,13.300369030446745,-0.6541824928864415,-0.33298623374267144,4.2682645396947265,14.031791944989068,0.23288252113029695
2025-09-01,9,0.7264917923679208,0.7265274516455866,-0.3222455080504014,-0.21865342193291148,9.32717551491227,-2.379416673563771,12.541387643642281,-1.9972984247139038,11.765791301584244,1.188224480795963,3.2678183558487603,-10.082716354762823,0.712699859298425,-3.2849172766927666,-8.481051542862986,456.40371168047295,0.628335077121676,0.1758282537353466,0.045909927568396514,-0.07980147261517931,-0.016860559156002902,-0.021984313566705938,0.20630875158609996,0.15378370021733545,21.79475377103759,21.02220635548572,0.17582825373530397,0.6283350771216814,11.765968819555738,23.593860502563615,-0.1328608424344111
2025-10-01,10,-1.2373375125082973,-1.2373155483260305,-0.2174397835408053,1.882626255462646,6.293390832115932,-0.854342771262985,14.553138646332542,-7.255567001383724,10.41574610768339,0.9159148982460898,5.079960675428623,-8.796976831601569,0.6011324109663292,6.297142515526559,-6.045870768818247,59.010044267011835,-0.902146527946627,-0.378267653234559,-0.06828193323401366,-0.039474162581694366,0.02082825529706278,-0.056757954184973314,-3.0355964667235966,-3.0224427030032857,-38.35746288775718,-35.80195452332265,-0.3782676532346265,-0.9021465279466181,-0.2512717467083192,-40.62458519746688,-1.72203190468002
2025-11-01,11,-1.0641466304029361,-1.0641228308994828,-0.1311615777783972,0.1586556757430161,3.7964831323495787,0.6522188329137748,11.266890859482885,-3.8521318498526966,9.392863453414236,0.9790705128602504,2.0884022126245014,-8.013083313954922,0.38751223877437724,4.099949594826683,-6.804617671904907,217.11768967389207,-0.7211435272621429,-0.41031875362489245,-0.0317657145569496,-0.03514344026006108,-0.0006409991952112115,-0.023789999972975595,-2.036830658548066,-2.0141210577674187,-31.924398912088094,-30.790591171860044,-0.41031875362493864,-0.7211435272621216,2.7046680770782103,-33.35838536319845,1.4759791360670365
2025-12-01,12,1.6270716987898934,1.6270648881992136,-0.06943798577754645,-1.60141492285922,2.0099099931498188,-5.915142738140943,-2.8538195038757124,5.694435347052547,-7.4328511830435104,-0.7664146083102281,-2.7878493185117605,6.139987788656441,0.14784869553619728,-5.047352866748639,5.690797608391392,-20.441535950329126,0.9421530600992014,0.5346853230027477,0.058882829597281805,-0.03614325909292479,0.05639329348598732,0.03249251956076338,2.221429493639409,2.1282752946188594,50.43922266248671,47.07942384835687,0.5346853230027335,0.9421530600991588,-0.6434447416428384,43.87297483871778,0.5530942748464307
