time,cbh (m) (Cloud base height),d2m (K) (2 metre dewpoint temperature),t2m (K) (2 metre temperature),hcc ((0 - 1)) (High cloud cover),lcc ((0 - 1)) (Low cloud cover),mcc ((0 - 1)) (Medium cloud cover),tcc ((0 - 1)) (Total cloud cover),tcw (kg m**-2) (Total column water),tcwv (kg m**-2) (Total column vertically-integrated water vapour),tp (m) (Total precipitation),avg_ie (kg m**-2 s**-1) (Time-mean moisture flux),avg_sdirswrf (W m**-2) (Time-mean surface direct short-wave radiation flux),"avg_sdirswrfcs (W m**-2) (Time-mean surface direct short-wave radiation flux, clear sky)",avg_sdlwrf (W m**-2) (Time-mean surface downward long-wave radiation flux),"avg_sdlwrfcs (W m**-2) (Time-mean surface downward long-wave radiation flux, clear sky)",avg_sdswrf (W m**-2) (Time-mean surface downward short-wave radiation flux),"avg_sdswrfcs (W m**-2) (Time-mean surface downward short-wave radiation flux, clear sky)",avg_sduvrf (W m**-2) (Time-mean surface downward UV radiation flux),avg_slhtf (W m**-2) (Time-mean surface latent heat flux),avg_snlwrf (W m**-2) (Time-mean surface net long-wave radiation flux),"avg_snlwrfcs (W m**-2) (Time-mean surface net long-wave radiation flux, clear sky)",avg_snswrf (W m**-2) (Time-mean surface net short-wave radiation flux),"avg_snswrfcs (W m**-2) (Time-mean surface net short-wave radiation flux, clear sky)",avg_ishf (W m**-2) (Time-mean surface sensible heat flux),avg_tdswrf (W m**-2) (Time mean top downward short-wave radiation flux),avg_tnlwrf (W m**-2) (Time-mean top net long-wave radiation flux),"avg_tnlwrfcs (W m**-2) (Time-mean top net long-wave radiation flux, clear sky)",avg_tnswrf (W m**-2) (Time-mean top net short-wave radiation flux),"avg_tnswrfcs (W m**-2) (Time-mean top net short-wave radiation flux, clear sky)",avg_tprate (kg m**-2 s**-1) (Time-mean total precipitation rate),avg_vimdf (kg m**-2 s**-1) (Time-mean total column vertically-integrated moisture divergence flux),tp_mm (mm) (Total precipitation),avg_tprate_W (W m**-2) (Time-mean total precipitation rate),t2m (°C) (2 metre temperature),d2m (°C) (2 metre dewpoint temperature),balanc_earth (W m**-2) (earth_balance),balanc_atmos (W m**-2) (atmospheric_balance),balanc_surface (W m**-2) (surface_balance)
2020-01-01 06:00:00,1435.7018,,,,,,,,,,,,,,,,,,,,,,,,,,,,,,,,,,,,,
2020-02-01 06:00:00,1311.8428,,,,,,,,,,,,,,,,,,,,,,,,,,,,,,,,,,,,,
2020-03-01 06:00:00,1437.6151,,,,,,,,,,,,,,,,,,,,,,,,,,,,,,,,,,,,,
2020-04-01 06:00:00,1607.1561,,,,,,,,,,,,,,,,,,,,,,,,,,,,,,,,,,,,,
2020-05-01 06:00:00,2358.2485,,,,,,,,,,,,,,,,,,,,,,,,,,,,,,,,,,,,,
2020-06-01 06:00:00,2734.7112,,,,,,,,,,,,,,,,,,,,,,,,,,,,,,,,,,,,,
2020-07-01 06:00:00,2874.804,,,,,,,,,,,,,,,,,,,,,,,,,,,,,,,,,,,,,
2020-08-01 06:00:00,3090.5261,,,,,,,,,,,,,,,,,,,,,,,,,,,,,,,,,,,,,
2020-09-01 06:00:00,3541.8772,,,,,,,,,,,,,,,,,,,,,,,,,,,,,,,,,,,,,
2020-10-01 06:00:00,2678.8413,,,,,,,,,,,,,,,,,,,,,,,,,,,,,,,,,,,,,
2020-11-01 06:00:00,2117.7698,,,,,,,,,,,,,,,,,,,,,,,,,,,,,,,,,,,,,
2020-12-01 06:00:00,1796.9806,,,,,,,,,,,,,,,,,,,,,,,,,,,,,,,,,,,,,
2021-01-01 06:00:00,1667.7847,,,,,,,,,,,,,,,,,,,,,,,,,,,,,,,,,,,,,
2021-02-01 06:00:00,1360.0194,,,,,,,,,,,,,,,,,,,,,,,,,,,,,,,,,,,,,
2021-03-01 06:00:00,1691.6049,,,,,,,,,,,,,,,,,,,,,,,,,,,,,,,,,,,,,
2021-04-01 06:00:00,1958.2053,,,,,,,,,,,,,,,,,,,,,,,,,,,,,,,,,,,,,
2021-05-01 06:00:00,2882.4707,,,,,,,,,,,,,,,,,,,,,,,,,,,,,,,,,,,,,
2021-06-01 06:00:00,2844.0728,,,,,,,,,,,,,,,,,,,,,,,,,,,,,,,,,,,,,
2021-07-01 06:00:00,3428.0166,,,,,,,,,,,,,,,,,,,,,,,,,,,,,,,,,,,,,
2021-08-01 06:00:00,3759.2786,,,,,,,,,,,,,,,,,,,,,,,,,,,,,,,,,,,,,
2021-09-01 06:00:00,3010.1104,,,,,,,,,,,,,,,,,,,,,,,,,,,,,,,,,,,,,
2021-10-01 06:00:00,2263.8408,,,,,,,,,,,,,,,,,,,,,,,,,,,,,,,,,,,,,
2021-11-01 06:00:00,1493.4978,,,,,,,,,,,,,,,,,,,,,,,,,,,,,,,,,,,,,
2021-12-01 06:00:00,1314.1213,,,,,,,,,,,,,,,,,,,,,,,,,,,,,,,,,,,,,
2022-01-01 06:00:00,1504.3225,,,,,,,,,,,,,,,,,,,,,,,,,,,,,,,,,,,,,
2022-02-01 06:00:00,1427.6681,,,,,,,,,,,,,,,,,,,,,,,,,,,,,,,,,,,,,
2022-03-01 06:00:00,1541.6504,,,,,,,,,,,,,,,,,,,,,,,,,,,,,,,,,,,,,
2022-04-01 06:00:00,1818.7207,,,,,,,,,,,,,,,,,,,,,,,,,,,,,,,,,,,,,
2022-05-01 06:00:00,2918.7146,,,,,,,,,,,,,,,,,,,,,,,,,,,,,,,,,,,,,
2022-06-01 06:00:00,3040.7988,,,,,,,,,,,,,,,,,,,,,,,,,,,,,,,,,,,,,
2022-07-01 06:00:00,4478.7363,,,,,,,,,,,,,,,,,,,,,,,,,,,,,,,,,,,,,
2022-08-01 06:00:00,3586.5723,,,,,,,,,,,,,,,,,,,,,,,,,,,,,,,,,,,,,
2022-09-01 06:00:00,2945.96,,,,,,,,,,,,,,,,,,,,,,,,,,,,,,,,,,,,,
2022-10-01 06:00:00,2511.7651,,,,,,,,,,,,,,,,,,,,,,,,,,,,,,,,,,,,,
2022-11-01 06:00:00,1960.3066,,,,,,,,,,,,,,,,,,,,,,,,,,,,,,,,,,,,,
2022-12-01 06:00:00,1396.2306,,,,,,,,,,,,,,,,,,,,,,,,,,,,,,,,,,,,,
2023-01-01 06:00:00,1368.6377,,,,,,,,,,,,,,,,,,,,,,,,,,,,,,,,,,,,,
2023-02-01 06:00:00,1595.9728,,,,,,,,,,,,,,,,,,,,,,,,,,,,,,,,,,,,,
2023-03-01 06:00:00,1547.5789,,,,,,,,,,,,,,,,,,,,,,,,,,,,,,,,,,,,,
2023-04-01 06:00:00,1533.2603,,,,,,,,,,,,,,,,,,,,,,,,,,,,,,,,,,,,,
2023-05-01 06:00:00,2337.6558,,,,,,,,,,,,,,,,,,,,,,,,,,,,,,,,,,,,,
2023-06-01 06:00:00,2452.4688,,,,,,,,,,,,,,,,,,,,,,,,,,,,,,,,,,,,,
2023-07-01 06:00:00,3340.5273,,,,,,,,,,,,,,,,,,,,,,,,,,,,,,,,,,,,,
2023-08-01 06:00:00,3337.9688,,,,,,,,,,,,,,,,,,,,,,,,,,,,,,,,,,,,,
2023-09-01 06:00:00,2932.0886,,,,,,,,,,,,,,,,,,,,,,,,,,,,,,,,,,,,,
2023-10-01 06:00:00,2709.11,,,,,,,,,,,,,,,,,,,,,,,,,,,,,,,,,,,,,
2023-11-01 06:00:00,2511.026,,,,,,,,,,,,,,,,,,,,,,,,,,,,,,,,,,,,,
2023-12-01 06:00:00,2085.184,,,,,,,,,,,,,,,,,,,,,,,,,,,,,,,,,,,,,
2024-01-01 06:00:00,1472.2858,,,,,,,,,,,,,,,,,,,,,,,,,,,,,,,,,,,,,
2024-02-01 06:00:00,1677.6466,,,,,,,,,,,,,,,,,,,,,,,,,,,,,,,,,,,,,
2024-03-01 06:00:00,1630.5153,,,,,,,,,,,,,,,,,,,,,,,,,,,,,,,,,,,,,
2024-04-01 06:00:00,1551.8212,,,,,,,,,,,,,,,,,,,,,,,,,,,,,,,,,,,,,
2024-05-01 06:00:00,2419.6245,,,,,,,,,,,,,,,,,,,,,,,,,,,,,,,,,,,,,
2024-06-01 06:00:00,2756.1616,,,,,,,,,,,,,,,,,,,,,,,,,,,,,,,,,,,,,
2024-07-01 06:00:00,3675.9224,,,,,,,,,,,,,,,,,,,,,,,,,,,,,,,,,,,,,
2024-08-01 06:00:00,3682.52,,,,,,,,,,,,,,,,,,,,,,,,,,,,,,,,,,,,,
2024-09-01 06:00:00,3891.6868,,,,,,,,,,,,,,,,,,,,,,,,,,,,,,,,,,,,,
2024-10-01 06:00:00,2518.9243,,,,,,,,,,,,,,,,,,,,,,,,,,,,,,,,,,,,,
2024-11-01 06:00:00,1700.484,,,,,,,,,,,,,,,,,,,,,,,,,,,,,,,,,,,,,
2024-12-01 06:00:00,1674.6514,,,,,,,,,,,,,,,,,,,,,,,,,,,,,,,,,,,,,
2020-01-01 00:00:00,,295.19025,299.23807,0.7006494,0.20483446,0.34523147,0.79528236,49.359303,49.093067,,,,,,,,,,,,,,,,,,,,,,,,,26.088074,22.040253,,,
2020-02-01 00:00:00,,295.25223,298.7055,0.7163583,0.22646353,0.41090837,0.8237218,51.307224,50.991943,,,,,,,,,,,,,,,,,,,,,,,,,25.555511,22.102234,,,
2020-03-01 00:00:00,,294.7252,298.98438,0.6050668,0.18834336,0.33026883,0.7162456,47.219864,46.976116,,,,,,,,,,,,,,,,,,,,,,,,,25.834381,21.575195,,,
2020-04-01 00:00:00,,293.6215,298.31094,0.49544013,0.17391008,0.2522158,0.6101597,42.93853,42.75836,,,,,,,,,,,,,,,,,,,,,,,,,25.16095,20.471497,,,
2020-05-01 00:00:00,,291.43594,296.70532,0.4667145,0.14733054,0.19296838,0.56988496,35.210346,35.100357,,,,,,,,,,,,,,,,,,,,,,,,,23.555328,18.28595,,,
2020-06-01 00:00:00,,290.46448,297.11,0.23451065,0.097044356,0.16177052,0.3926171,30.221985,30.17198,,,,,,,,,,,,,,,,,,,,,,,,,23.959991,17.314484,,,
2020-07-01 00:00:00,,287.47476,297.12244,0.115817726,0.027360069,0.13112514,0.23754661,24.57152,24.543255,,,,,,,,,,,,,,,,,,,,,,,,,23.972443,14.324768,,,
2020-08-01 00:00:00,,286.6218,298.49402,0.13768278,0.024111422,0.13254616,0.2517062,24.83459,24.791788,,,,,,,,,,,,,,,,,,,,,,,,,25.344025,13.471802,,,
2020-09-01 00:00:00,,287.84354,300.6846,0.24555458,0.019443236,0.13607754,0.33937696,28.25335,28.203129,,,,,,,,,,,,,,,,,,,,,,,,,27.534607,14.6935425,,,
2020-10-01 00:00:00,,291.99136,300.80148,0.44940642,0.06910664,0.22665359,0.553302,39.82611,39.688324,,,,,,,,,,,,,,,,,,,,,,,,,27.65149,18.84137,,,
2020-11-01 00:00:00,,292.90295,299.66187,0.545987,0.09626694,0.27814752,0.64453155,41.233585,41.056076,,,,,,,,,,,,,,,,,,,,,,,,,26.511871,19.75296,,,
2020-12-01 00:00:00,,294.33423,299.17538,0.6806292,0.13581887,0.33388376,0.772962,46.065235,45.83621,,,,,,,,,,,,,,,,,,,,,,,,,26.02539,21.184235,,,
2021-01-01 00:00:00,,294.58585,298.69464,0.71773005,0.14303319,0.36821043,0.8070118,47.277214,47.031193,,,,,,,,,,,,,,,,,,,,,,,,,25.544647,21.435852,,,
2021-02-01 00:00:00,,294.61542,298.33206,0.67030156,0.1971414,0.41570327,0.77457416,47.603195,47.27778,,,,,,,,,,,,,,,,,,,,,,,,,25.182068,21.465424,,,
2021-03-01 00:00:00,,294.31015,298.32495,0.6461051,0.1583984,0.3426135,0.7457986,44.7045,44.47125,,,,,,,,,,,,,,,,,,,,,,,,,25.174957,21.160156,,,
2021-04-01 00:00:00,,293.44717,298.06604,0.56178457,0.12921165,0.2523211,0.66803914,41.589405,41.438942,,,,,,,,,,,,,,,,,,,,,,,,,24.916046,20.29718,,,
2021-05-01 00:00:00,,291.32727,297.36884,0.40133688,0.09093751,0.16028734,0.51500946,32.935013,32.866776,,,,,,,,,,,,,,,,,,,,,,,,,24.218842,18.177277,,,
2021-06-01 00:00:00,,289.6987,296.68933,0.29385418,0.071382135,0.16464804,0.4185311,29.523474,29.466135,,,,,,,,,,,,,,,,,,,,,,,,,23.539337,16.548706,,,
2021-07-01 00:00:00,,285.25415,296.4867,0.112581305,0.01447073,0.092541516,0.19600429,22.216259,22.19332,,,,,,,,,,,,,,,,,,,,,,,,,23.3367,12.1041565,,,
2021-08-01 00:00:00,,286.29648,299.02475,0.19791184,0.011457011,0.11684206,0.28690335,25.158115,25.124567,,,,,,,,,,,,,,,,,,,,,,,,,25.874756,13.146484,,,
2021-09-01 00:00:00,,290.27487,300.96112,0.24681127,0.03342742,0.19303638,0.385297,34.56572,34.48871,,,,,,,,,,,,,,,,,,,,,,,,,27.811127,17.124878,,,
2021-10-01 00:00:00,,293.51797,299.93326,0.52936995,0.097838275,0.2643206,0.64962834,43.016415,42.84859,,,,,,,,,,,,,,,,,,,,,,,,,26.783264,20.367981,,,
2021-11-01 00:00:00,,294.63232,298.58026,0.77181304,0.20146473,0.38561818,0.85151356,48.0212,47.728626,,,,,,,,,,,,,,,,,,,,,,,,,25.430267,21.48233,,,
2021-12-01 00:00:00,,295.1462,298.7342,0.73622215,0.21676563,0.44120213,0.8315556,49.741398,49.380066,,,,,,,,,,,,,,,,,,,,,,,,,25.584198,21.996216,,,
2022-01-01 00:00:00,,294.7573,298.7226,0.6100708,0.17919527,0.3770403,0.7270406,46.596413,46.30278,,,,,,,,,,,,,,,,,,,,,,,,,25.572601,21.6073,,,
2022-02-01 00:00:00,,294.91263,298.60934,0.64545995,0.17421748,0.3871159,0.7574293,47.620464,47.340775,,,,,,,,,,,,,,,,,,,,,,,,,25.45935,21.762634,,,
2022-03-01 00:00:00,,294.6056,298.5105,0.62908614,0.16688277,0.35146272,0.7391123,47.28628,47.058853,,,,,,,,,,,,,,,,,,,,,,,,,25.360504,21.455597,,,
2022-04-01 00:00:00,,293.65073,298.82205,0.3735807,0.12937613,0.2239058,0.52131265,40.05898,39.940453,,,,,,,,,,,,,,,,,,,,,,,,,25.672058,20.500732,,,
2022-05-01 00:00:00,,289.82965,296.7149,0.34449375,0.08387758,0.17062801,0.47266164,31.970758,31.90426,,,,,,,,,,,,,,,,,,,,,,,,,23.56491,16.679657,,,
2022-06-01 00:00:00,,289.42108,296.4579,0.2986405,0.08080235,0.15073346,0.40456238,28.734991,28.671762,,,,,,,,,,,,,,,,,,,,,,,,,23.307892,16.271088,,,
2022-07-01 00:00:00,,287.24323,297.88232,0.20939444,0.014381012,0.098562025,0.2925338,23.184975,23.165768,,,,,,,,,,,,,,,,,,,,,,,,,24.73233,14.093231,,,
2022-08-01 00:00:00,,286.7439,298.16382,0.27092767,0.026277563,0.16535866,0.38723493,25.986586,25.93127,,,,,,,,,,,,,,,,,,,,,,,,,25.013824,13.593903,,,
2022-09-01 00:00:00,,289.02115,299.57797,0.28764233,0.049040146,0.21290746,0.42627984,32.50278,32.407677,,,,,,,,,,,,,,,,,,,,,,,,,26.427979,15.871155,,,
2022-10-01 00:00:00,,292.36526,299.46826,0.5261399,0.07886588,0.27726978,0.6404573,40.450283,40.287334,,,,,,,,,,,,,,,,,,,,,,,,,26.318268,19.215271,,,
2022-11-01 00:00:00,,292.02374,298.35815,0.48520446,0.15020123,0.28806448,0.61282563,39.167953,38.967384,,,,,,,,,,,,,,,,,,,,,,,,,25.20816,18.873749,,,
2022-12-01 00:00:00,,294.50372,298.37518,0.7250765,0.19757067,0.41765174,0.82278985,47.63859,47.324535,,,,,,,,,,,,,,,,,,,,,,,,,25.22519,21.35373,,,
2023-01-01 00:00:00,,294.42105,297.9203,0.6938879,0.19133683,0.39889672,0.80153304,46.978294,46.68288,,,,,,,,,,,,,,,,,,,,,,,,,24.770294,21.271057,,,
2023-02-01 00:00:00,,294.5928,298.49197,0.69690156,0.14576444,0.34935358,0.79196227,47.14801,46.905014,,,,,,,,,,,,,,,,,,,,,,,,,25.34198,21.44281,,,
2023-03-01 00:00:00,,294.68936,298.3238,0.6606858,0.17050102,0.38540706,0.7602247,47.44476,47.15793,,,,,,,,,,,,,,,,,,,,,,,,,25.173798,21.539368,,,
2023-04-01 00:00:00,,294.33597,298.0843,0.5167633,0.16456951,0.2683608,0.6479502,43.50264,43.338634,,,,,,,,,,,,,,,,,,,,,,,,,24.934296,21.185974,,,
2023-05-01 00:00:00,,292.27496,297.57742,0.39580935,0.1214027,0.19069737,0.5196441,35.32527,35.228256,,,,,,,,,,,,,,,,,,,,,,,,,24.42743,19.12497,,,
2023-06-01 00:00:00,,289.69724,296.5289,0.15078287,0.07718818,0.15860133,0.29784444,29.341951,29.277716,,,,,,,,,,,,,,,,,,,,,,,,,23.378906,16.547241,,,
2023-07-01 00:00:00,,287.94788,297.52484,0.14375012,0.025822839,0.120220765,0.25586385,24.6704,24.643476,,,,,,,,,,,,,,,,,,,,,,,,,24.374847,14.797882,,,
2023-08-01 00:00:00,,289.26367,299.51913,0.23041126,0.028760973,0.168794,0.35860717,30.744682,30.68307,,,,,,,,,,,,,,,,,,,,,,,,,26.36914,16.113678,,,
2023-09-01 00:00:00,,291.36926,301.21268,0.2485828,0.03363138,0.18378834,0.3817836,36.920826,36.839687,,,,,,,,,,,,,,,,,,,,,,,,,28.062683,18.219269,,,
2023-10-01 00:00:00,,293.4544,301.6684,0.4306869,0.051190246,0.22153364,0.54908496,42.57094,42.46056,,,,,,,,,,,,,,,,,,,,,,,,,28.518402,20.304413,,,
2023-11-01 00:00:00,,293.74698,301.20975,0.50158185,0.07528854,0.2416709,0.6084338,44.13684,43.978905,,,,,,,,,,,,,,,,,,,,,,,,,28.059753,20.596985,,,
2023-12-01 00:00:00,,294.73715,300.49026,0.6176043,0.10921859,0.28886166,0.7156538,47.724712,47.536434,,,,,,,,,,,,,,,,,,,,,,,,,27.340271,21.587158,,,
2024-01-01 00:00:00,,295.27155,299.52576,0.6163803,0.18191501,0.39695674,0.7369612,50.125748,49.824482,,,,,,,,,,,,,,,,,,,,,,,,,26.375763,22.121552,,,
2024-02-01 00:00:00,,295.27982,299.4034,0.68576366,0.15488468,0.37654358,0.78004557,50.017994,49.731487,,,,,,,,,,,,,,,,,,,,,,,,,26.253418,22.129822,,,
2024-03-01 00:00:00,,295.8609,299.81015,0.65252316,0.16158845,0.32335323,0.7514206,51.762794,51.510994,,,,,,,,,,,,,,,,,,,,,,,,,26.660156,22.710907,,,
2024-04-01 00:00:00,,295.49548,299.36313,0.56675947,0.15883207,0.28067824,0.6771986,48.442627,48.257587,,,,,,,,,,,,,,,,,,,,,,,,,26.213135,22.34549,,,
2024-05-01 00:00:00,,291.89297,298.0543,0.24825324,0.12512697,0.15766895,0.40797973,33.20612,33.1484,,,,,,,,,,,,,,,,,,,,,,,,,24.904297,18.742981,,,
2024-06-01 00:00:00,,289.13757,298.1569,0.13061367,0.028865589,0.13419576,0.25455788,25.973425,25.946573,,,,,,,,,,,,,,,,,,,,,,,,,25.006897,15.987579,,,
2024-07-01 00:00:00,,286.42203,297.07962,0.11788591,0.020911926,0.10022347,0.2121691,23.267347,23.24123,,,,,,,,,,,,,,,,,,,,,,,,,23.929626,13.272034,,,
2024-08-01 00:00:00,,285.48862,298.74728,0.09635184,0.019238025,0.10766533,0.19787641,23.521675,23.488375,,,,,,,,,,,,,,,,,,,,,,,,,25.59729,12.338623,,,
2024-09-01 00:00:00,,287.46848,301.40778,0.17075144,0.014718639,0.11602018,0.26469743,28.12218,28.079744,,,,,,,,,,,,,,,,,,,,,,,,,28.257782,14.318481,,,
2024-10-01 00:00:00,,292.9628,300.9126,0.47434255,0.06588373,0.2662798,0.5935754,42.565193,42.4006,,,,,,,,,,,,,,,,,,,,,,,,,27.762604,19.812805,,,
2024-11-01 00:00:00,,294.73026,299.32925,0.61514926,0.14124253,0.38677782,0.74799365,48.054226,47.7927,,,,,,,,,,,,,,,,,,,,,,,,,26.17926,21.580261,,,
2024-12-01 00:00:00,,294.88983,299.01636,0.6511642,0.1662332,0.4050198,0.77573717,48.624508,48.348236,,,,,,,,,,,,,,,,,,,,,,,,,25.866364,21.739838,,,
2020-01-01 06:00:00,,,,,,,,,,0.007905366,-4.6160123e-05,142.27422,291.40497,415.074,400.91565,223.65054,332.8386,27.791655,115.43703,41.109406,-54.651726,-188.51288,281.26923,32.049576,465.05347,225.03572,-275.10895,-302.88953,393.93405,9.149606e-05,-4.276044e-05,237.16098,228.7401548528578,,,77.853806,191.24006330012344,-0.08312988
2020-02-01 06:00:00,,,,,,,,,,0.009513887,-4.484939e-05,126.0856,285.90076,415.16666,399.74918,206.70772,325.8023,25.922907,112.15901,37.26806,-52.10884,-175.36017,277.10046,26.926975,455.22815,219.28052,-272.69186,-287.84393,387.49234,0.00011011338,-6.2310624e-05,285.4166,275.28345526661724,,,68.563416,232.68174399342388,-0.9938812
2020-03-01 06:00:00,,,,,,,,,,0.0071634143,-4.3360207e-05,141.11472,267.99493,409.37592,395.97366,212.93031,305.94125,26.213531,108.43488,43.72619,-56.580578,-181.76646,261.71008,29.788124,426.89536,233.71204,-277.76447,-285.52612,363.90424,8.2908795e-05,-3.860807e-05,214.90244,207.27198716485873,,,51.814087,150.83393021905795,-0.182724
2020-04-01 06:00:00,,,,,,,,,,0.0049259635,-3.971419e-05,145.20839,234.64626,399.36783,387.86978,205.74043,271.4126,24.76938,99.31706,49.362568,-60.348553,-176.61823,233.38187,29.154066,382.4212,247.93958,-280.33798,-269.32684,325.19684,5.7012894e-05,-1.35869495e-05,147.7789,142.53223525884096,,,21.387268,65.81791030766908,-1.2154694
2020-05-01 06:00:00,,,,,,,,,,0.001932734,-3.403875e-05,139.71898,196.11142,381.54987,371.13474,193.44208,235.16669,22.409315,85.123795,56.9816,-66.86788,-166.52202,202.55396,26.753967,338.6623,261.18427,-283.50238,-248.88824,284.83102,2.2367558e-05,1.3113311e-05,57.98202,55.91889475908829,,,-12.2960205,-39.16357899579452,-2.3373413
2020-06-01 06:00:00,,,,,,,,,,0.00045296707,-2.8393888e-05,140.32893,171.9281,377.31628,368.37323,189.08852,213.67358,21.274221,71.007385,62.797253,-71.11181,-162.69832,183.75243,27.890074,316.17603,283.1052,-290.2163,-241.9735,263.1903,5.241705e-06,2.8511484e-05,13.589012,13.104262279739487,,,-41.1317,-100.03842265678395,1.0036011
2020-07-01 06:00:00,,,,,,,,,,0.00010089287,-2.5341817e-05,158.28105,181.48433,364.918,357.7965,207.04878,224.40536,23.003294,63.3746,74.9989,-81.54908,-177.6258,192.38828,37.816685,326.34027,288.42157,-293.89297,-256.1638,271.2949,1.1680272e-06,2.926327e-05,3.0267859,2.920068027378875,,,-32.257782,-94.14792513668363,1.4356117
2020-08-01 06:00:00,,,,,,,,,,0.0002649233,-2.4960767e-05,179.38087,205.44582,368.9322,362.14197,232.46336,252.85287,26.018656,62.421635,80.56199,-86.783554,-198.36775,215.60329,51.632015,363.31628,288.98816,-294.83792,-285.06796,302.73035,3.0671938e-06,2.2558019e-05,7.947699,7.667984505133063,,,-3.9201965,-62.42596385912475,3.7521172
2020-09-01 06:00:00,,,,,,,,,,0.000646101,-2.8741702e-05,201.88524,240.96326,383.87686,377.14407,261.06894,289.46365,29.994724,71.87688,81.59898,-87.79227,-221.29713,245.26485,62.54011,407.6749,283.96112,-296.1973,-317.1878,341.46802,7.4778523e-06,1.7306267e-05,19.38303,18.6946306257596,,,33.226685,-25.236723896945477,5.2811584
2020-10-01 06:00:00,,,,,,,,,,0.0027782812,-3.6392805e-05,189.66312,271.65527,406.22147,396.75015,256.75302,316.21643,30.845135,91.010994,63.681797,-72.69246,-217.2098,267.6289,59.981903,442.17566,256.60956,-285.37164,-323.53687,373.65652,3.2155618e-05,-6.6367893e-06,83.348434,80.3890452516498,,,66.92731,53.77025557879824,2.5351028
2020-11-01 06:00:00,,,,,,,,,,0.0042644953,-4.3785887e-05,177.15959,287.1629,402.4999,390.93933,252.05063,330.65552,30.551771,109.49943,56.29724,-67.38938,-212.2707,278.84875,45.27902,459.61462,244.31955,-281.42902,-322.37766,388.0204,4.9356753e-05,-5.380638e-06,127.93486,123.39188288024161,,,78.058105,90.7555417852709,1.195015
2020-12-01 06:00:00,,,,,,,,,,0.0060656457,-4.473081e-05,156.8802,291.52826,409.9959,396.76767,237.23369,333.43265,29.1685,111.86253,47.45462,-60.09897,-199.53802,281.0511,39.820255,465.00958,228.29332,-275.44238,-312.50397,392.94754,7.0203365e-05,-2.557986e-05,181.96938,175.50841221236624,,,84.21065,147.45591053389944,0.4006195
2021-01-01 06:00:00,,,,,,,,,,0.0065924213,-4.7334695e-05,150.8264,293.03598,409.23938,395.36026,233.37021,334.11008,28.824608,118.37436,44.650246,-57.903004,-196.66478,282.28598,33.5025,464.95825,221.83598,-272.73566,-309.31247,393.69507,7.6300625e-05,-2.6410558e-05,197.77264,190.75156160397455,,,87.47649,159.71602006955072,0.1376648
2021-02-01 06:00:00,,,,,,,,,,0.009023776,-4.3838467e-05,132.39217,287.77005,408.65665,392.91812,211.29024,327.5471,26.324316,109.630974,41.44009,-56.505142,-179.11038,278.44324,29.24219,455.1144,221.04533,-273.60773,-289.56552,387.00583,0.00010444128,-6.279903e-05,270.7133,261.1031959531829,,,68.52019,221.19528274517506,-1.2028732
2021-03-01 06:00:00,,,,,,,,,,0.0063186907,-4.4165437e-05,143.51418,269.644,403.629,389.6749,217.0131,307.41702,26.707851,110.44869,45.60552,-58.968674,-185.16122,262.90994,29.435114,427.19223,228.93723,-275.49103,-287.64157,363.97296,7.313221e-05,-2.4917304e-05,189.56073,182.83051758771762,,,58.704346,131.41426545148715,-0.32809448
2021-04-01 06:00:00,,,,,,,,,,0.0039007016,-4.0197712e-05,147.68526,235.71086,396.69458,385.0357,210.96268,272.32788,25.387615,100.52621,51.158653,-62.230328,-181.03107,234.13799,30.58676,382.79382,242.16565,-278.38693,-272.87997,325.46765,4.5146335e-05,-3.1066188e-06,117.02105,112.86583685432561,,,30.714325,44.29451727424748,-1.2405624
2021-05-01 06:00:00,,,,,,,,,,0.0009813852,-3.4235112e-05,148.35419,197.18787,381.62958,371.88953,201.56606,236.03204,23.29853,85.61486,60.20874,-69.30126,-173.58806,203.302,28.137152,338.94376,264.98035,-284.91217,-255.36958,285.10327,1.1358e-05,2.7388693e-05,29.441557,28.39499984474969,,,-9.610764,-66.4579283168714,-0.37269592
2021-06-01 06:00:00,,,,,,,,,,0.00046615148,-2.7090935e-05,137.83325,172.42674,373.1975,363.95657,187.4393,214.15462,21.081694,67.74884,64.54146,-73.11275,-161.24406,184.14793,31.118162,316.22244,274.54425,-286.43716,-239.77269,263.17157,5.394628e-06,2.6485699e-05,13.984545,13.486569514498115,,,-34.77156,-86.86943329311907,-2.1643982
2021-07-01 06:00:00,,,,,,,,,,6.886038e-05,-2.36372e-05,166.02814,182.72581,352.9364,347.88684,213.16492,225.7006,23.448889,59.111656,81.91713,-86.415764,-182.83513,193.41519,41.022892,326.1302,286.76147,-291.37457,-260.01846,270.78998,7.9660833e-07,1.895164e-05,2.0658114,1.9915208326892753,,,-26.743011,-84.64660172590447,0.7834511
2021-08-01 06:00:00,,,,,,,,,,0.00025666316,-2.2984252e-05,179.31737,204.96623,368.8701,362.31128,233.77559,252.29123,26.176968,57.478664,83.02972,-88.95737,-199.49362,215.14633,54.5917,362.95868,282.95166,-292.2532,-286.46857,302.5281,2.9704502e-06,1.5508725e-05,7.6998954,7.426125421261531,,,3.5169067,-50.929164037966984,4.3935394
2021-09-01 06:00:00,,,,,,,,,,0.001028414,-2.9201063e-05,188.06343,236.98698,396.24155,388.3036,247.448,285.4731,28.837511,73.02585,71.63276,-78.99932,-209.9109,242.07777,60.557907,407.33026,276.41245,-291.02292,-309.03662,341.97458,1.1901943e-05,1.1577655e-05,30.85242,29.754858132946538,,,32.624176,-15.341211202990962,4.6943817
2021-10-01 06:00:00,,,,,,,,,,0.0037181494,-4.0219667e-05,172.76762,269.23492,408.46994,397.36258,244.02261,314.10452,29.55223,100.58094,54.011047,-64.582466,-206.36757,265.9226,50.526684,441.95477,247.79869,-281.3688,-314.68802,373.75308,4.303332e-05,-1.2041737e-05,111.54448,107.58330063254107,,,66.88933,72.64279083639849,1.2488937
2021-11-01 06:00:00,,,,,,,,,,0.008233951,-4.2820044e-05,127.37616,282.49973,410.14023,394.5474,212.02519,326.7204,26.37139,107.084274,41.02646,-56.016018,-178.43979,275.70035,31.06523,459.52277,216.8832,-273.14667,-292.61063,388.57324,9.5299714e-05,-5.356758e-05,247.01855,238.2492857577745,,,75.72743,207.6286173465196,-0.73617554
2021-12-01 06:00:00,,,,,,,,,,0.010200498,-4.263904e-05,120.90332,289.26767,412.83054,396.70795,204.72202,331.71893,25.58401,106.6315,38.95896,-54.42782,-172.02785,279.65356,27.057589,464.97784,213.64581,-273.06158,-286.37155,393.10645,0.00011806073,-7.477766e-05,306.01492,295.15182177419774,,,72.72574,261.86625353689305,-0.62020874
2022-01-01 06:00:00,,,,,,,,,,0.007819288,-4.5723285e-05,149.19476,292.7767,408.31,393.81662,226.53162,334.13303,27.9735,114.34448,43.750866,-57.67018,-191.00087,282.2727,33.037605,464.9599,230.12929,-274.269,-303.90677,393.57172,9.050039e-05,-4.642756e-05,234.57864,226.25097699346952,,,73.77748,185.81606335821562,-0.13208771
2022-02-01 06:00:00,,,,,,,,,,0.0076540816,-4.550706e-05,142.65988,287.8626,408.88974,394.31042,220.94254,327.53864,27.442322,113.80373,42.28448,-56.26725,-187.42557,278.45724,30.937126,455.23886,224.77713,-273.4464,-297.98062,387.18005,8.858854e-05,-3.9541716e-05,229.62244,221.47134586703032,,,73.20349,180.47088047396392,0.4002304
2022-03-01 06:00:00,,,,,,,,,,0.006138192,-4.4243803e-05,146.53969,268.67834,406.88492,393.59808,218.2251,306.50165,26.912336,110.64467,44.3276,-57.042725,-186.23567,262.19836,32.10522,427.47314,231.00409,-274.06235,-289.8658,364.46964,7.1043185e-05,-2.538915e-05,184.14577,177.607962541515,,,58.861725,126.66684239380993,-0.84181213
2022-04-01 06:00:00,,,,,,,,,,0.0025748692,-4.1201743e-05,166.86293,236.755,397.32812,387.2816,221.96382,273.26514,26.511482,103.03694,53.891937,-63.391853,-190.66075,234.93022,33.51554,383.15356,263.65298,-284.64066,-282.09335,325.7126,2.9801102e-05,1.7104723e-05,77.24608,74.50275461451383,,,18.440369,-10.310149743396323,0.21633148
2022-05-01 06:00:00,,,,,,,,,,0.00081230624,-3.1959236e-05,156.42169,198.25362,374.34445,365.4333,205.95714,237.13985,23.667141,79.92347,64.36728,-72.722176,-177.36563,204.20328,34.891502,339.21494,271.19815,-284.96393,-258.29312,285.15228,9.401601e-06,2.2390372e-05,24.369186,23.50400336581515,,,-12.905029,-67.50787560147,-1.8166199
2022-06-01 06:00:00,,,,,,,,,,0.00093628746,-2.6620457e-05,140.74023,172.96046,368.33008,359.98157,189.81985,214.76187,21.219349,66.57227,67.03094,-74.82694,-163.27536,184.63379,30.70412,316.2604,274.97375,-286.4376,-241.3406,263.06302,1.0836125e-05,1.8861774e-05,28.088623,27.09031150516239,,,-33.63315,-72.08313515011105,-1.0319748
2022-07-01 06:00:00,,,,,,,,,,5.3069376e-05,-2.369729e-05,163.49965,181.95813,363.16476,357.7384,211.75638,224.83028,23.398808,59.262005,80.1318,-85.01123,-181.64082,192.71205,40.270714,325.91043,289.34238,-295.59967,-259.4343,270.77017,6.1419917e-07,2.1641894e-05,1.5920813,1.5354979154835746,,,-29.908081,-89.61088727738752,1.9763069
2022-08-01 06:00:00,,,,,,,,,,0.0005751394,-2.5324662e-05,171.22961,204.47424,369.99066,361.47574,226.71626,251.80154,25.479961,63.33183,77.75784,-85.687225,-193.42662,214.7295,49.85121,362.58908,279.12564,-290.35675,-280.2368,302.20233,6.656527e-06,1.7979339e-05,17.254183,16.64131787038059,,,1.111145,-48.06510302805691,2.4857368
2022-09-01 06:00:00,,,,,,,,,,0.0012897558,-2.8741208e-05,182.24426,237.78679,388.58456,378.86432,243.47,286.35522,28.328762,71.87576,71.11139,-80.25527,-206.42108,242.7577,59.706215,406.97076,273.3014,-290.18646,-304.62555,341.36743,1.492763e-05,4.311379e-06,38.692673,37.319075545383384,,,31.324158,-6.960244217800209,3.7277145
2022-10-01 06:00:00,,,,,,,,,,0.0033570158,-3.9437306e-05,175.8961,271.05472,401.79257,390.4699,246.80956,315.70367,29.756296,98.62449,57.870872,-68.6845,-208.68129,267.19504,49.915703,441.71698,248.58487,-281.2416,-315.17535,373.23544,3.8853832e-05,-4.18375e-06,100.71047,97.1345798461698,,,66.590485,62.830357739236206,2.2702332
2022-11-01 06:00:00,,,,,,,,,,0.0048422036,-4.336334e-05,178.24944,287.78287,395.87375,382.67212,251.18475,331.5376,30.28134,108.44277,55.944363,-68.59612,-211.50082,279.4969,46.4926,459.41406,247.77197,-280.99188,-320.91626,387.48737,5.604293e-05,-1.5692489e-05,145.26611,140.10732229507994,,,73.14429,104.18775137222838,0.6210861
2022-12-01 06:00:00,,,,,,,,,,0.008456217,-4.287863e-05,131.79195,290.05457,409.3597,393.31152,213.87515,332.40625,26.590563,107.230606,41.194183,-56.590847,-179.8646,280.20367,31.864809,464.92972,219.77531,-272.11703,-294.03732,392.94357,9.787255e-05,-5.6814963e-05,253.68651,244.68137780786492,,,74.26201,212.13778344751336,-0.42500305
2023-01-01 06:00:00,,,,,,,,,,0.008184084,-4.5395373e-05,138.056,292.62228,406.71167,391.05276,220.6796,333.99884,27.417492,113.524445,41.635193,-56.697197,-185.9945,282.17804,30.954832,465.03143,219.62074,-271.28235,-299.3439,393.67255,9.472282e-05,-4.7538917e-05,245.52252,236.80704543949105,,,79.72316,203.12572524906136,-0.1199646
2023-02-01 06:00:00,,,,,,,,,,0.0064786025,-4.813133e-05,154.41539,288.41666,408.0463,394.73032,232.9311,327.9523,28.831694,120.36663,44.017746,-56.803703,-197.54013,278.8046,32.21748,455.431,225.5096,-273.06155,-307.50803,387.32837,7.4983036e-05,-2.542886e-05,194.35808,187.45759007288143,,,81.99843,148.15111347986385,0.93827057
2023-03-01 06:00:00,,,,,,,,,,0.007352159,-4.3613643e-05,137.89426,268.68472,407.2304,392.9338,210.1909,306.6271,26.039972,109.06874,42.329777,-56.021183,-179.41995,262.30472,28.407679,427.81818,224.05156,-272.80884,-283.10233,364.75806,8.5093714e-05,-3.959192e-05,220.56477,212.7342850144487,,,59.050766,163.1025482590776,-0.3862381
2023-04-01 06:00:00,,,,,,,,,,0.004371837,-4.1779072e-05,146.35448,234.94283,400.19098,388.3983,207.31737,271.79337,25.088566,104.48085,46.90029,-58.143448,-178.06276,233.74556,27.681774,383.57132,245.68202,-278.52304,-271.41885,326.3245,5.059904e-05,-9.998408e-06,131.1551,126.49759810301475,,,25.736832,48.75373213621788,-1.0001526
2023-05-01 06:00:00,,,,,,,,,,0.001622463,-3.480354e-05,144.29529,196.58386,386.0606,376.05655,196.37053,235.59615,22.777891,87.03652,57.11651,-66.485596,-169.09209,202.95328,25.870647,339.539,265.15854,-284.92157,-251.69966,285.73117,1.8777744e-05,1.794069e-05,48.67389,46.94436029240023,,,-13.458878,-52.61943670467008,-0.9315872
2023-06-01 06:00:00,,,,,,,,,,0.0005993155,-2.8810955e-05,142.77866,172.72858,370.84238,362.1977,190.66696,214.48714,21.34275,72.050255,64.891365,-72.93936,-164.04865,184.41216,28.105991,316.34863,279.68063,-287.95544,-242.44348,263.20883,6.9356342e-06,2.8264294e-05,17.979465,17.339085616185912,,,-37.237152,-90.94936653225159,-0.99897003
2023-07-01 06:00:00,,,,,,,,,,8.3987194e-05,-2.5327434e-05,159.84161,180.92049,366.01144,359.4631,207.69025,223.7698,23.088707,63.338604,75.47311,-81.383804,-178.23286,191.8531,37.13855,325.7422,289.75662,-294.70734,-256.801,270.8041,9.716567e-07,2.2944612e-05,2.5196157,2.4291418299071665,,,-32.955627,-96.14768617302252,2.2826042
2023-08-01 06:00:00,,,,,,,,,,0.0004963354,-2.6213967e-05,162.97241,201.6352,384.99557,376.88147,219.74974,248.78381,25.002388,65.55571,71.31028,-78.75198,-187.6543,212.3168,46.459274,362.2749,277.41483,-291.26297,-277.05997,302.59146,5.7440493e-06,1.3330399e-05,14.890061,14.360123259393731,,,-0.3548584,-55.879485505254706,4.329033
2023-09-01 06:00:00,,,,,,,,,,0.00073895376,-3.1377178e-05,189.52502,235.76913,401.697,393.96918,248.34119,284.03613,29.011194,78.46774,67.718475,-74.90784,-210.75842,240.92465,59.38213,406.67255,275.70096,-290.30502,-310.92728,341.68454,8.5521715e-06,2.1579388e-05,22.168613,21.38042873411905,,,35.22632,-27.05107074708212,5.1900787
2023-10-01 06:00:00,,,,,,,,,,0.0016009678,-3.7740854e-05,201.86647,270.31967,414.3382,406.26294,264.68515,314.56958,31.851906,94.38208,61.03424,-68.61858,-224.04851,266.3193,64.45779,441.54538,265.61517,-287.75037,-330.975,373.46405,1.8529257e-05,1.7318163e-05,48.029037,46.32314357877476,,,65.35983,13.126495934731793,4.1744003
2023-11-01 06:00:00,,,,,,,,,,0.0028018507,-4.1957108e-05,198.55795,286.0637,413.94992,405.02698,266.23016,329.1485,32.25999,104.92584,57.99792,-66.4381,-224.44872,277.70535,59.109097,459.374,254.90222,-284.23898,-335.346,388.31552,3.242822e-05,5.7550146e-06,84.05552,81.0705478215823,,,80.44379,54.17264056450222,2.4158478
2023-12-01 06:00:00,,,,,,,,,,0.0045826617,-4.54924e-05,182.11095,291.24478,416.4023,406.04242,254.79999,332.83435,31.242754,113.76727,50.91851,-60.753323,-214.48466,280.61374,48.5553,464.95264,241.42345,-278.8663,-327.50723,393.15732,5.3039217e-05,-1.0679907e-05,137.47984,132.5980429101037,,,86.083786,103.67096847773064,1.2435913
2024-01-01 06:00:00,,,,,,,,,,0.007752218,-4.448077e-05,145.30098,291.66614,415.64313,401.85638,221.87349,332.93372,27.525917,111.237175,42.171688,-55.4035,-187.04993,281.3657,34.41853,465.1826,231.73611,-275.3446,-301.10516,394.11746,8.972391e-05,-4.2194177e-05,232.56653,224.30976969189942,,,69.36905,183.21911341138184,-0.77747345
2024-02-01 06:00:00,,,,,,,,,,0.0072678947,-4.6369296e-05,150.62709,287.1757,414.99536,401.94193,226.10924,326.73,28.07914,115.960144,42.47471,-55.016163,-191.92065,277.86288,33.487537,455.34573,228.18863,-274.8027,-302.80154,387.53085,8.411824e-05,-3.513731e-05,218.03683,210.29560230090283,,,74.612915,168.9501013548579,-0.0017242432
2024-03-01 06:00:00,,,,,,,,,,0.0061347918,-4.483606e-05,151.02603,266.4241,418.03122,406.61072,219.3881,304.1905,27.133331,112.12572,41.944965,-52.87477,-187.48125,260.3575,33.614502,426.98788,235.41698,-276.15048,-292.556,364.485,7.100338e-05,-2.9472505e-05,184.04376,177.508445631247,,,57.139023,122.72568501112983,-0.20393372
2024-04-01 06:00:00,,,,,,,,,,0.0046655256,-4.193567e-05,139.93692,232.41953,410.8474,400.19662,201.28737,269.16626,24.525928,104.87242,43.47096,-53.66147,-172.95198,231.59392,25.449572,382.4895,245.5178,-279.8041,-267.644,325.77045,5.3997635e-05,-6.1305946e-06,139.96576,134.99408851203043,,,22.126205,53.088845592108555,-0.8409729
2024-05-01 06:00:00,,,,,,,,,,0.0004680709,-3.43717e-05,157.4716,196.86482,386.86136,377.95587,205.63286,235.68279,23.70058,85.95675,60.44479,-68.75344,-177.15486,203.00815,32.780983,338.72565,284.4112,-292.83786,-259.4207,284.92282,5.416589e-06,3.610835e-05,14.042128,13.541472299039015,,,-24.990509,-95.37812151199614,-2.0276642
2024-06-01 06:00:00,,,,,,,,,,5.666332e-05,-2.6465028e-05,150.81445,174.10931,372.70883,365.6528,198.45221,215.74316,22.07392,66.18337,72.023094,-78.45945,-170.71103,185.4424,31.836262,316.25943,292.05222,-297.5797,-247.86362,262.9362,6.561317e-07,2.5791811e-05,1.6998996,1.6403292590894125,,,-44.1886,-109.39993868524652,0.6682968
2024-07-01 06:00:00,,,,,,,,,,9.6869095e-05,-2.3408571e-05,165.68816,182.2642,359.73154,354.30502,212.43687,225.22658,23.464697,58.53996,80.09461,-84.98545,-182.27623,193.05475,42.855545,326.45636,290.63657,-294.6883,-260.09912,271.23444,1.1210454e-06,2.2082399e-05,2.9060729,2.8026136078551644,,,-30.537445,-87.06091178276984,0.78611374
2024-08-01 06:00:00,,,,,,,,,,0.0001891931,-2.3317001e-05,184.98413,206.5031,366.05005,360.48825,236.89674,253.9032,26.379744,58.31101,85.618546,-90.686325,-202.1165,216.45172,54.874508,363.45596,291.77124,-296.78574,-287.88303,302.66443,2.1898472e-06,2.1213566e-05,5.675793,5.47461809219385,,,-3.888214,-60.0370396226499,3.312439
2024-09-01 06:00:00,,,,,,,,,,0.0003567579,-2.8162593e-05,210.29628,241.63533,385.5122,380.05597,266.37418,289.98154,30.479677,70.42879,85.102905,-90.09046,-225.86946,245.70404,64.39394,407.81888,288.53833,-297.79117,-321.34143,341.60214,4.1286803e-06,1.6062253e-05,10.702737,10.321700756321661,,,32.8031,-33.24781065725256,5.943825
2024-10-01 06:00:00,,,,,,,,,,0.0032694754,-3.7620288e-05,181.29504,270.26904,411.5645,401.52652,249.64442,314.89758,30.156483,94.080574,58.3447,-67.92397,-211.256,266.59177,56.765694,442.3105,253.7333,-284.16476,-318.7929,374.06454,3.7840877e-05,-1.0300858e-05,98.08427,94.60219189350028,,,65.0596,63.516185728949495,2.065033
2024-11-01 06:00:00,,,,,,,,,,0.006148564,-4.4466204e-05,146.81767,283.1623,411.96207,398.2636,225.0481,327.0491,27.808475,111.20086,43.83576,-56.955513,-189.63866,276.00934,35.119278,459.74057,233.64299,-276.07227,-303.39624,388.8746,7.116299e-05,-2.808658e-05,184.45692,177.90747733670287,,,69.75325,136.97710319119506,-0.5172348
2024-12-01 06:00:00,,,,,,,,,,0.006611986,-4.5313802e-05,147.76788,290.44278,411.6859,397.6848,225.85582,332.49197,27.909676,113.320564,43.274788,-56.64709,-189.99126,280.31415,34.00041,465.13687,230.43448,-274.11115,-303.89548,393.25632,7.6527096e-05,-2.9745284e-05,198.35959,191.31774024572223,,,73.461,152.06267051305622,-0.6045151
