time,cbh (m) (Cloud base height),t2m (K) (2 metre temperature),hcc ((0 - 1)) (High cloud cover),lcc ((0 - 1)) (Low cloud cover),mcc ((0 - 1)) (Medium cloud cover),tcc ((0 - 1)) (Total cloud cover),tcw (kg m**-2) (Total column water),tcwv (kg m**-2) (Total column vertically-integrated water vapour),tp (m) (Total precipitation),avg_ie (kg m**-2 s**-1) (Time-mean moisture flux),avg_sdirswrf (W m**-2) (Time-mean surface direct short-wave radiation flux),"avg_sdirswrfcs (W m**-2) (Time-mean surface direct short-wave radiation flux, clear sky)",avg_sdlwrf (W m**-2) (Time-mean surface downward long-wave radiation flux),"avg_sdlwrfcs (W m**-2) (Time-mean surface downward long-wave radiation flux, clear sky)",avg_sdswrf (W m**-2) (Time-mean surface downward short-wave radiation flux),"avg_sdswrfcs (W m**-2) (Time-mean surface downward short-wave radiation flux, clear sky)",avg_sduvrf (W m**-2) (Time-mean surface downward UV radiation flux),avg_slhtf (W m**-2) (Time-mean surface latent heat flux),avg_snlwrf (W m**-2) (Time-mean surface net long-wave radiation flux),"avg_snlwrfcs (W m**-2) (Time-mean surface net long-wave radiation flux, clear sky)",avg_snswrf (W m**-2) (Time-mean surface net short-wave radiation flux),"avg_snswrfcs (W m**-2) (Time-mean surface net short-wave radiation flux, clear sky)",avg_ishf (W m**-2) (Time-mean surface sensible heat flux),avg_tdswrf (W m**-2) (Time mean top downward short-wave radiation flux),avg_tnlwrf (W m**-2) (Time-mean top net long-wave radiation flux),"avg_tnlwrfcs (W m**-2) (Time-mean top net long-wave radiation flux, clear sky)",avg_tnswrf (W m**-2) (Time-mean top net short-wave radiation flux),"avg_tnswrfcs (W m**-2) (Time-mean top net short-wave radiation flux, clear sky)",avg_tprate (kg m**-2 s**-1) (Time-mean total precipitation rate),avg_vimdf (kg m**-2 s**-1) (Time-mean total column vertically-integrated moisture divergence flux),tp_mm (mm) (Total precipitation),avg_tprate_W (W m**-2) (Time-mean total precipitation rate),balanc_earth (W m**-2) (earth_balance),balanc_atmos (W m**-2) (atmospheric_balance),balanc_surface (W m**-2) (surface_balance)
2020-01-01 06:00:00,1643.6683,,,,,,,,,,,,,,,,,,,,,,,,,,,,,,,,,,
2020-02-01 06:00:00,1679.8252,,,,,,,,,,,,,,,,,,,,,,,,,,,,,,,,,,
2020-03-01 06:00:00,1363.3827,,,,,,,,,,,,,,,,,,,,,,,,,,,,,,,,,,
2020-04-01 06:00:00,1016.3225,,,,,,,,,,,,,,,,,,,,,,,,,,,,,,,,,,
2020-05-01 06:00:00,700.4081,,,,,,,,,,,,,,,,,,,,,,,,,,,,,,,,,,
2020-06-01 06:00:00,867.025,,,,,,,,,,,,,,,,,,,,,,,,,,,,,,,,,,
2020-07-01 06:00:00,1041.3607,,,,,,,,,,,,,,,,,,,,,,,,,,,,,,,,,,
2020-08-01 06:00:00,1828.8542,,,,,,,,,,,,,,,,,,,,,,,,,,,,,,,,,,
2020-09-01 06:00:00,1797.5944,,,,,,,,,,,,,,,,,,,,,,,,,,,,,,,,,,
2020-10-01 06:00:00,1891.6125,,,,,,,,,,,,,,,,,,,,,,,,,,,,,,,,,,
2020-11-01 06:00:00,1108.8054,,,,,,,,,,,,,,,,,,,,,,,,,,,,,,,,,,
2020-12-01 06:00:00,1146.9492,,,,,,,,,,,,,,,,,,,,,,,,,,,,,,,,,,
2021-01-01 06:00:00,1028.4509,,,,,,,,,,,,,,,,,,,,,,,,,,,,,,,,,,
2021-02-01 06:00:00,1354.525,,,,,,,,,,,,,,,,,,,,,,,,,,,,,,,,,,
2021-03-01 06:00:00,1116.2322,,,,,,,,,,,,,,,,,,,,,,,,,,,,,,,,,,
2021-04-01 06:00:00,907.71313,,,,,,,,,,,,,,,,,,,,,,,,,,,,,,,,,,
2021-05-01 06:00:00,857.14166,,,,,,,,,,,,,,,,,,,,,,,,,,,,,,,,,,
2021-06-01 06:00:00,825.5184,,,,,,,,,,,,,,,,,,,,,,,,,,,,,,,,,,
2021-07-01 06:00:00,1064.4244,,,,,,,,,,,,,,,,,,,,,,,,,,,,,,,,,,
2021-08-01 06:00:00,1436.584,,,,,,,,,,,,,,,,,,,,,,,,,,,,,,,,,,
2021-09-01 06:00:00,1449.004,,,,,,,,,,,,,,,,,,,,,,,,,,,,,,,,,,
2021-10-01 06:00:00,1639.3379,,,,,,,,,,,,,,,,,,,,,,,,,,,,,,,,,,
2021-11-01 06:00:00,1201.8403,,,,,,,,,,,,,,,,,,,,,,,,,,,,,,,,,,
2021-12-01 06:00:00,918.61743,,,,,,,,,,,,,,,,,,,,,,,,,,,,,,,,,,
2022-01-01 06:00:00,1482.0791,,,,,,,,,,,,,,,,,,,,,,,,,,,,,,,,,,
2022-02-01 06:00:00,1146.6887,,,,,,,,,,,,,,,,,,,,,,,,,,,,,,,,,,
2022-03-01 06:00:00,1079.4496,,,,,,,,,,,,,,,,,,,,,,,,,,,,,,,,,,
2022-04-01 06:00:00,1004.3645,,,,,,,,,,,,,,,,,,,,,,,,,,,,,,,,,,
2022-05-01 06:00:00,1009.37,,,,,,,,,,,,,,,,,,,,,,,,,,,,,,,,,,
2022-06-01 06:00:00,1113.9651,,,,,,,,,,,,,,,,,,,,,,,,,,,,,,,,,,
2022-07-01 06:00:00,1299.1764,,,,,,,,,,,,,,,,,,,,,,,,,,,,,,,,,,
2022-08-01 06:00:00,1620.6792,,,,,,,,,,,,,,,,,,,,,,,,,,,,,,,,,,
2022-09-01 06:00:00,1797.4839,,,,,,,,,,,,,,,,,,,,,,,,,,,,,,,,,,
2022-10-01 06:00:00,1825.558,,,,,,,,,,,,,,,,,,,,,,,,,,,,,,,,,,
2022-11-01 06:00:00,1376.2625,,,,,,,,,,,,,,,,,,,,,,,,,,,,,,,,,,
2022-12-01 06:00:00,1324.2673,,,,,,,,,,,,,,,,,,,,,,,,,,,,,,,,,,
2023-01-01 06:00:00,1178.7129,,,,,,,,,,,,,,,,,,,,,,,,,,,,,,,,,,
2023-02-01 06:00:00,1135.005,,,,,,,,,,,,,,,,,,,,,,,,,,,,,,,,,,
2023-03-01 06:00:00,1556.6749,,,,,,,,,,,,,,,,,,,,,,,,,,,,,,,,,,
2023-04-01 06:00:00,1254.2125,,,,,,,,,,,,,,,,,,,,,,,,,,,,,,,,,,
2023-05-01 06:00:00,958.7964,,,,,,,,,,,,,,,,,,,,,,,,,,,,,,,,,,
2023-06-01 06:00:00,972.92676,,,,,,,,,,,,,,,,,,,,,,,,,,,,,,,,,,
2023-07-01 06:00:00,1502.8688,,,,,,,,,,,,,,,,,,,,,,,,,,,,,,,,,,
2023-08-01 06:00:00,1943.8861,,,,,,,,,,,,,,,,,,,,,,,,,,,,,,,,,,
2023-09-01 06:00:00,2498.4822,,,,,,,,,,,,,,,,,,,,,,,,,,,,,,,,,,
2023-10-01 06:00:00,2962.817,,,,,,,,,,,,,,,,,,,,,,,,,,,,,,,,,,
2023-11-01 06:00:00,2058.437,,,,,,,,,,,,,,,,,,,,,,,,,,,,,,,,,,
2023-12-01 06:00:00,1456.852,,,,,,,,,,,,,,,,,,,,,,,,,,,,,,,,,,
2024-01-01 06:00:00,1649.0215,,,,,,,,,,,,,,,,,,,,,,,,,,,,,,,,,,
2024-02-01 06:00:00,1947.8344,,,,,,,,,,,,,,,,,,,,,,,,,,,,,,,,,,
2024-03-01 06:00:00,1682.4536,,,,,,,,,,,,,,,,,,,,,,,,,,,,,,,,,,
2024-04-01 06:00:00,1253.643,,,,,,,,,,,,,,,,,,,,,,,,,,,,,,,,,,
2024-05-01 06:00:00,1020.8803,,,,,,,,,,,,,,,,,,,,,,,,,,,,,,,,,,
2024-06-01 06:00:00,1098.8232,,,,,,,,,,,,,,,,,,,,,,,,,,,,,,,,,,
2024-07-01 06:00:00,1506.5187,,,,,,,,,,,,,,,,,,,,,,,,,,,,,,,,,,
2024-08-01 06:00:00,2183.8904,,,,,,,,,,,,,,,,,,,,,,,,,,,,,,,,,,
2024-09-01 06:00:00,2473.9175,,,,,,,,,,,,,,,,,,,,,,,,,,,,,,,,,,
2024-10-01 06:00:00,2518.3457,,,,,,,,,,,,,,,,,,,,,,,,,,,,,,,,,,
2024-11-01 06:00:00,1952.3173,,,,,,,,,,,,,,,,,,,,,,,,,,,,,,,,,,
2024-12-01 06:00:00,1291.1266,,,,,,,,,,,,,,,,,,,,,,,,,,,,,,,,,,
2020-01-01 00:00:00,,300.14505,0.66540086,0.13239484,0.39295343,0.79897636,54.16335,53.9696,,,,,,,,,,,,,,,,,,,,,,,,,,,
2020-02-01 00:00:00,,300.47952,0.70133656,0.13055617,0.4745677,0.83576953,56.057487,55.83778,,,,,,,,,,,,,,,,,,,,,,,,,,,
2020-03-01 00:00:00,,300.16815,0.7763297,0.1799359,0.35948974,0.8514585,57.034634,56.65424,,,,,,,,,,,,,,,,,,,,,,,,,,,
2020-04-01 00:00:00,,299.05255,0.8217357,0.2525728,0.49167803,0.9124118,60.04437,59.59024,,,,,,,,,,,,,,,,,,,,,,,,,,,
2020-05-01 00:00:00,,298.93567,0.6860842,0.3328999,0.49812588,0.84035736,60.08605,59.55794,,,,,,,,,,,,,,,,,,,,,,,,,,,
2020-06-01 00:00:00,,299.1275,0.56245023,0.23553228,0.3287672,0.72414476,52.851772,52.62457,,,,,,,,,,,,,,,,,,,,,,,,,,,
2020-07-01 00:00:00,,299.4117,0.4055893,0.2118826,0.23908246,0.59391797,46.966404,46.82939,,,,,,,,,,,,,,,,,,,,,,,,,,,
2020-08-01 00:00:00,,300.1432,0.38467216,0.11265848,0.2649828,0.5617879,45.49327,45.37401,,,,,,,,,,,,,,,,,,,,,,,,,,,
2020-09-01 00:00:00,,300.29315,0.54833484,0.11497207,0.1851079,0.64069337,47.90682,47.76468,,,,,,,,,,,,,,,,,,,,,,,,,,,
2020-10-01 00:00:00,,299.976,0.7067619,0.10313274,0.20065384,0.77116895,50.781586,50.617683,,,,,,,,,,,,,,,,,,,,,,,,,,,
2020-11-01 00:00:00,,299.66763,0.8030177,0.18723835,0.30656138,0.86033094,55.853397,55.57678,,,,,,,,,,,,,,,,,,,,,,,,,,,
2020-12-01 00:00:00,,299.1981,0.78116363,0.17035459,0.41605836,0.86314,55.525036,55.240925,,,,,,,,,,,,,,,,,,,,,,,,,,,
2021-01-01 00:00:00,,298.82697,0.7229875,0.1915553,0.45270193,0.84754443,55.326557,55.045525,,,,,,,,,,,,,,,,,,,,,,,,,,,
2021-02-01 00:00:00,,299.31616,0.79046637,0.16470544,0.41419366,0.8617787,55.816406,55.536404,,,,,,,,,,,,,,,,,,,,,,,,,,,
2021-03-01 00:00:00,,298.54666,0.8185044,0.23307675,0.5395261,0.9094682,56.28512,55.811375,,,,,,,,,,,,,,,,,,,,,,,,,,,
2021-04-01 00:00:00,,299.03207,0.8527537,0.24960722,0.4101651,0.9153391,56.91018,56.52608,,,,,,,,,,,,,,,,,,,,,,,,,,,
2021-05-01 00:00:00,,299.15277,0.67966163,0.26579863,0.41529667,0.8260533,55.967392,55.659775,,,,,,,,,,,,,,,,,,,,,,,,,,,
2021-06-01 00:00:00,,298.88358,0.6353181,0.2406896,0.29929107,0.7709212,52.04598,51.83788,,,,,,,,,,,,,,,,,,,,,,,,,,,
2021-07-01 00:00:00,,298.73132,0.42195168,0.23630135,0.3376911,0.67120475,49.57046,49.38834,,,,,,,,,,,,,,,,,,,,,,,,,,,
2021-08-01 00:00:00,,299.80966,0.48955083,0.1598913,0.24468271,0.6340285,48.274227,48.12199,,,,,,,,,,,,,,,,,,,,,,,,,,,
2021-09-01 00:00:00,,299.82086,0.6015178,0.15253066,0.19136922,0.712833,49.445953,49.307957,,,,,,,,,,,,,,,,,,,,,,,,,,,
2021-10-01 00:00:00,,300.3529,0.70197237,0.121588014,0.22931355,0.76681983,52.19897,52.01915,,,,,,,,,,,,,,,,,,,,,,,,,,,
2021-11-01 00:00:00,,299.46133,0.7929604,0.14991507,0.3582436,0.8663486,55.72182,55.47782,,,,,,,,,,,,,,,,,,,,,,,,,,,
2021-12-01 00:00:00,,299.1909,0.8861694,0.23382613,0.4073904,0.93532544,59.426693,59.081196,,,,,,,,,,,,,,,,,,,,,,,,,,,
2022-01-01 00:00:00,,299.29868,0.7241327,0.14512652,0.39593107,0.8331816,53.199333,52.962364,,,,,,,,,,,,,,,,,,,,,,,,,,,
2022-02-01 00:00:00,,298.6421,0.86839736,0.22290419,0.4888223,0.9285394,56.92502,56.503693,,,,,,,,,,,,,,,,,,,,,,,,,,,
2022-03-01 00:00:00,,298.687,0.8517318,0.2324905,0.5539024,0.92217433,58.39655,57.927288,,,,,,,,,,,,,,,,,,,,,,,,,,,
2022-04-01 00:00:00,,298.8302,0.80533314,0.24595171,0.49829364,0.8916132,57.974792,57.52157,,,,,,,,,,,,,,,,,,,,,,,,,,,
2022-05-01 00:00:00,,298.9489,0.66767526,0.2460741,0.44540188,0.8106212,55.659874,55.32948,,,,,,,,,,,,,,,,,,,,,,,,,,,
2022-06-01 00:00:00,,298.44843,0.55451053,0.23178959,0.34905604,0.73472106,50.26794,50.03789,,,,,,,,,,,,,,,,,,,,,,,,,,,
2022-07-01 00:00:00,,299.61847,0.38476643,0.12265593,0.313644,0.5779942,48.728176,48.591923,,,,,,,,,,,,,,,,,,,,,,,,,,,
2022-08-01 00:00:00,,299.98782,0.45647833,0.117343165,0.2225093,0.59075123,45.93367,45.82126,,,,,,,,,,,,,,,,,,,,,,,,,,,
2022-09-01 00:00:00,,300.61957,0.50372654,0.08912503,0.17992067,0.6048129,46.013863,45.906242,,,,,,,,,,,,,,,,,,,,,,,,,,,
2022-10-01 00:00:00,,300.2054,0.7779939,0.10931203,0.25043115,0.82332414,51.526352,51.3117,,,,,,,,,,,,,,,,,,,,,,,,,,,
2022-11-01 00:00:00,,299.75748,0.7168801,0.18554358,0.31562927,0.8176609,53.170353,52.955738,,,,,,,,,,,,,,,,,,,,,,,,,,,
2022-12-01 00:00:00,,299.4077,0.7730069,0.1596453,0.33186355,0.8418798,52.565422,52.272465,,,,,,,,,,,,,,,,,,,,,,,,,,,
2023-01-01 00:00:00,,298.50183,0.7914273,0.18495314,0.46225497,0.884561,54.30036,53.977516,,,,,,,,,,,,,,,,,,,,,,,,,,,
2023-02-01 00:00:00,,298.59674,0.79486626,0.19538447,0.49540573,0.8936844,57.041706,56.67745,,,,,,,,,,,,,,,,,,,,,,,,,,,
2023-03-01 00:00:00,,299.12494,0.82079846,0.15714093,0.39994743,0.8836869,55.01375,54.709236,,,,,,,,,,,,,,,,,,,,,,,,,,,
2023-04-01 00:00:00,,299.2822,0.81252414,0.16374649,0.39939862,0.8790881,56.84221,56.524334,,,,,,,,,,,,,,,,,,,,,,,,,,,
2023-05-01 00:00:00,,299.5336,0.73119485,0.20430844,0.3719495,0.8274278,57.94149,57.633247,,,,,,,,,,,,,,,,,,,,,,,,,,,
2023-06-01 00:00:00,,299.04245,0.46010277,0.2226055,0.28089514,0.66217524,52.026646,51.856937,,,,,,,,,,,,,,,,,,,,,,,,,,,
2023-07-01 00:00:00,,300.0602,0.36426288,0.10961091,0.28083175,0.5503845,47.7048,47.574432,,,,,,,,,,,,,,,,,,,,,,,,,,,
2023-08-01 00:00:00,,300.99673,0.35957724,0.0870935,0.18737382,0.49679294,46.398464,46.29892,,,,,,,,,,,,,,,,,,,,,,,,,,,
2023-09-01 00:00:00,,301.8737,0.37021202,0.04016549,0.18624462,0.48083934,45.88031,45.782536,,,,,,,,,,,,,,,,,,,,,,,,,,,
2023-10-01 00:00:00,,301.88284,0.6296073,0.04504367,0.15199633,0.6910281,48.323025,48.213356,,,,,,,,,,,,,,,,,,,,,,,,,,,
2023-11-01 00:00:00,,301.25214,0.6034646,0.08003346,0.23746876,0.68470776,52.47679,52.296227,,,,,,,,,,,,,,,,,,,,,,,,,,,
2023-12-01 00:00:00,,299.8185,0.83136386,0.1395783,0.40510732,0.896432,58.989002,58.721325,,,,,,,,,,,,,,,,,,,,,,,,,,,
2024-01-01 00:00:00,,300.4861,0.6472913,0.10722189,0.4048189,0.78384864,56.175213,55.9758,,,,,,,,,,,,,,,,,,,,,,,,,,,
2024-02-01 00:00:00,,300.65738,0.63459194,0.1148547,0.35084835,0.73883414,55.09885,54.829136,,,,,,,,,,,,,,,,,,,,,,,,,,,
2024-03-01 00:00:00,,300.17163,0.78405476,0.12947208,0.3846773,0.84729064,59.81912,59.4306,,,,,,,,,,,,,,,,,,,,,,,,,,,
2024-04-01 00:00:00,,300.0119,0.78507066,0.15581393,0.40733078,0.8575328,60.372326,60.009235,,,,,,,,,,,,,,,,,,,,,,,,,,,
2024-05-01 00:00:00,,299.69226,0.6719813,0.21718489,0.38367817,0.81095874,59.389305,59.110287,,,,,,,,,,,,,,,,,,,,,,,,,,,
2024-06-01 00:00:00,,299.83545,0.45099434,0.15659313,0.28203923,0.61869,52.989044,52.82258,,,,,,,,,,,,,,,,,,,,,,,,,,,
2024-07-01 00:00:00,,299.9635,0.3405467,0.116589434,0.2746958,0.53991956,47.59804,47.467545,,,,,,,,,,,,,,,,,,,,,,,,,,,
2024-08-01 00:00:00,,301.1386,0.2322667,0.057058945,0.19801608,0.386694,42.88314,42.792965,,,,,,,,,,,,,,,,,,,,,,,,,,,
2024-09-01 00:00:00,,302.01175,0.5128753,0.046302468,0.1898594,0.6076729,45.61641,45.50002,,,,,,,,,,,,,,,,,,,,,,,,,,,
2024-10-01 00:00:00,,301.7214,0.60286856,0.04569305,0.1837945,0.67557865,48.286167,48.168144,,,,,,,,,,,,,,,,,,,,,,,,,,,
2024-11-01 00:00:00,,301.02692,0.6790067,0.09104743,0.21953332,0.7502494,52.858257,52.66003,,,,,,,,,,,,,,,,,,,,,,,,,,,
2024-12-01 00:00:00,,299.7909,0.7436825,0.14033553,0.3972261,0.83990186,57.024296,56.749138,,,,,,,,,,,,,,,,,,,,,,,,,,,
2020-01-01 06:00:00,,,,,,,,,0.0058052903,-5.0216757e-05,139.00829,261.43954,422.17532,410.404,211.62419,301.19058,26.266905,125.5817,35.054314,-46.588284,-184.48116,262.81506,22.282787,428.858,230.58366,-274.28088,-290.74237,369.37082,6.7189336e-05,-1.6829135e-05,174.1587,167.9733395576477,60.158707,100.9879879951477,1.562355
2020-02-01 06:00:00,,,,,,,,,0.0057054595,-4.7041707e-05,122.161354,268.2366,424.8447,411.446,200.20856,309.01688,25.159552,117.6419,33.336864,-46.334377,-173.73935,268.6019,22.364973,438.81882,221.62717,-272.87845,-282.5222,377.78012,6.603333e-05,-1.3803996e-05,171.16379,165.08332919329405,60.89502,107.94084262102842,0.395607
2020-03-01 06:00:00,,,,,,,,,0.0100947395,-4.6599656e-05,122.443436,266.74167,425.98343,413.92715,201.11752,307.51865,25.18487,116.53662,32.895985,-44.700512,-174.79811,267.66602,25.275541,436.78326,211.88644,-272.27042,-283.85065,376.62387,0.00011683632,-6.948132e-05,302.8422,292.09080821601674,71.9642,247.42842418281361,0.08996582
2020-04-01 06:00:00,,,,,,,,,0.013378533,-3.904098e-05,79.19106,251.34587,424.74432,409.51797,159.33868,291.15244,20.38492,97.63345,26.68475,-41.581623,-138.9827,254.44157,15.835341,417.10034,196.80106,-267.6167,-244.26158,360.06256,0.00015484195,-0.00010878557,401.35596,387.1048829751089,47.460526,338.1028077797964,-1.1708527
2020-05-01 06:00:00,,,,,,,,,0.015034777,-3.5496978e-05,75.86129,226.4009,424.83115,408.94507,143.92586,267.21063,18.188025,88.77108,24.95073,-40.44619,-126.21301,234.49141,13.421515,390.2553,217.21393,-268.85718,-227.46909,336.0292,0.00017401244,-0.00013322686,451.0433,435.03110646270216,10.255157,357.445497026667,-0.9303131
2020-06-01 06:00:00,,,,,,,,,0.0072435997,-4.1557014e-05,108.82791,207.39005,418.08582,405.05743,175.30405,251.90303,21.214481,103.92577,32.453453,-45.166397,-154.1579,221.50296,18.164072,374.49606,238.21042,-274.47858,-252.65099,320.48328,8.383765e-05,-3.5588113e-05,217.308,209.5941272273194,14.440567,120.49432711745612,-0.38539886
2020-07-01 06:00:00,,,,,,,,,0.00393925,-4.6553072e-05,136.38635,212.98466,412.35352,400.82022,200.0042,258.52634,23.799562,116.419624,39.19372,-50.43874,-176.16582,227.74469,20.381954,380.8573,257.69843,-280.8387,-274.52924,326.23993,4.5590255e-05,1.7347389e-05,118.1775,113.975638669217,16.83081,14.216315549099818,0.17050934
2020-08-01 06:00:00,,,,,,,,,0.0024616648,-4.6655026e-05,152.35687,224.86673,414.00793,404.31497,217.90765,274.57034,25.893091,116.67462,44.19313,-53.560375,-191.45145,241.1752,28.823347,403.73016,261.1504,-284.3106,-295.3425,345.75467,2.8491088e-05,1.9671681e-05,73.849945,71.22771876311162,34.19211,-13.015140123607125,1.7603455
2020-09-01 06:00:00,,,,,,,,,0.0035730132,-5.155829e-05,169.94775,247.09244,418.10074,409.726,237.83557,294.7976,28.662159,128.93672,42.687916,-50.934128,-206.70828,256.23065,32.951286,425.84668,249.79872,-281.36243,-314.874,364.62045,4.135319e-05,1.4238163e-05,107.1904,103.38297215639614,65.07527,37.38915959536098,2.13237
2020-10-01 06:00:00,,,,,,,,,0.0043065166,-5.0584717e-05,156.59648,260.96426,420.1082,411.10022,231.3505,304.36075,28.293669,126.50177,40.42509,-49.331882,-199.9591,263.31757,31.403362,434.1453,229.86848,-276.39322,-308.62613,372.07343,4.9842256e-05,7.3250435e-06,129.1955,124.60563993954565,78.757645,75.23263502621558,1.6288757
2020-11-01 06:00:00,,,,,,,,,0.009174269,-4.7144604e-05,113.33823,258.76154,422.5258,410.19543,196.39813,299.53726,24.57744,117.89908,32.56482,-44.64462,-169.26129,258.69522,19.970814,428.7186,206.42569,-271.0011,-277.59872,367.1836,0.000106183645,-5.3401327e-05,275.22806,265.4591116879601,71.173035,219.9064879391808,-1.1734161
2020-12-01 06:00:00,,,,,,,,,0.0090215085,-4.5710276e-05,109.444496,255.03792,419.6238,406.34424,188.6379,295.16843,23.54363,114.31279,31.830122,-44.85328,-163.03969,255.65703,17.81382,423.10385,210.1885,-268.62268,-269.24957,362.50916,0.00010441605,-5.2019226e-05,270.64523,261.04013159056194,59.061066,206.7054529406596,-0.9170456
2021-01-01 06:00:00,,,,,,,,,0.009979732,-4.4863355e-05,105.16681,260.17087,418.84396,404.20197,182.80325,300.5528,23.089396,112.193596,30.201979,-44.541874,-159.2184,262.25055,17.373133,429.11514,217.50343,-268.15018,-266.88068,369.5195,0.00011550542,-7.120444e-05,299.39197,288.76354917883873,49.377243,226.4975045621395,-0.5503082
2021-02-01 06:00:00,,,,,,,,,0.0076242024,-4.7503847e-05,119.0422,267.7367,420.29294,407.42072,198.41608,308.84943,25.024755,118.79721,32.4163,-44.97618,-172.15506,268.4405,20.82045,438.8996,211.38428,-269.8482,-282.0105,377.76956,8.8242174e-05,-4.2024738e-05,228.72607,220.60543415136635,70.62622,172.31335041113198,0.12109375
2021-03-01 06:00:00,,,,,,,,,0.012867579,-4.1013864e-05,85.73466,266.0092,419.23563,402.55988,169.11917,307.48526,21.649225,102.56686,28.323128,-44.6003,-146.81912,267.57263,17.098703,436.86536,199.75145,-266.99182,-256.17023,376.43265,0.00014893015,-9.8628654e-05,386.02737,372.3253757925704,56.418777,327.34686779696494,-1.1695633
2021-04-01 06:00:00,,,,,,,,,0.011173746,-4.147185e-05,93.676605,252.7266,421.38153,406.46683,174.82799,292.40796,22.050434,103.712585,29.1475,-43.67438,-152.50464,255.4884,19.775253,417.30167,203.23363,-268.76358,-257.68475,360.07965,0.00012932654,-8.029496e-05,335.21234,323.3163442928344,54.451126,274.18559172935784,-0.13069916
2021-05-01 06:00:00,,,,,,,,,0.009371124,-3.9446277e-05,95.36862,228.38371,421.28192,406.59604,167.18033,268.88617,20.961628,98.64746,29.40582,-43.71406,-146.59904,235.91109,18.293165,390.44052,221.67152,-270.6313,-246.96434,336.05862,0.00010846153,-6.204084e-05,281.13373,271.1538218136411,25.292816,197.54658304410987,0.252594
2021-06-01 06:00:00,,,,,,,,,0.0072893286,-4.216541e-05,108.619545,207.7859,416.1837,402.87506,176.43446,252.25673,21.466486,105.44712,33.195385,-46.218742,-155.09993,221.80219,18.457937,374.53152,231.7179,-272.92297,-253.09116,320.47363,8.43649e-05,-3.4556248e-05,218.67986,210.9122578985989,21.37326,128.83891652897,-2.0005188
2021-07-01 06:00:00,,,,,,,,,0.0051715616,-4.3612996e-05,119.057755,211.5953,413.35367,399.27924,184.71373,257.25394,22.224207,109.06753,35.036293,-48.7168,-162.73898,226.66788,18.408115,380.71597,245.76721,-275.48364,-261.41037,326.25644,5.9853268e-05,-1.3648019e-05,155.14685,149.6331697126152,15.643158,55.98174148995895,0.22704315
2021-08-01 06:00:00,,,,,,,,,0.003910255,-4.8233247e-05,144.92606,223.18651,415.24777,404.7755,212.6801,273.04636,25.203024,120.62176,40.019432,-50.254913,-186.8228,239.88263,24.8066,403.51782,248.83087,-278.28925,-291.8801,345.70947,4.525709e-05,8.9905467e-07,117.307655,113.14272342133336,43.049225,34.195190767524764,1.3750153
2021-09-01 06:00:00,,,,,,,,,0.004461712,-5.282698e-05,159.75194,246.05104,417.22757,407.49805,231.13577,293.91553,27.80317,132.10918,39.627205,-49.24766,-200.89775,255.48279,27.632812,425.7012,240.93562,-277.13086,-310.20572,364.55032,5.1639046e-05,8.4717185e-06,133.85136,129.0976160817081,69.270096,64.7299860768253,1.5285492
2021-10-01 06:00:00,,,,,,,,,0.005069845,-5.1758994e-05,156.84761,260.43762,421.23386,412.01062,230.75047,303.86765,28.235939,129.43863,39.289364,-48.42014,-199.46771,262.91742,29.586805,434.1308,230.40054,-275.5973,-308.68875,372.16122,5.867699e-05,-7.2997514e-06,152.09534,146.69247320853174,78.28821,94.3891437407583,1.1529083
2021-11-01 06:00:00,,,,,,,,,0.008153289,-4.79857e-05,119.036354,259.0291,421.3191,409.2068,199.75575,299.74823,25.060833,120.002266,32.835133,-44.732735,-172.24658,258.87683,19.57467,428.7729,212.81207,-270.29068,-280.2328,367.23773,9.436638e-05,-4.6291734e-05,244.59866,235.915958910482,67.420715,183.49988987972029,-0.16548157
2021-12-01 06:00:00,,,,,,,,,0.010825856,-4.268975e-05,85.094086,253.46689,424.96527,410.72433,172.0841,293.79184,21.907902,106.75799,27.572128,-41.560966,-148.72174,254.53,15.024711,423.09747,190.88866,-267.61743,-255.94698,362.71194,0.00012529796,-7.479748e-05,324.77567,313.24489100370556,65.05832,272.17830927763134,-0.63308716
2022-01-01 06:00:00,,,,,,,,,0.007111145,-4.7828573e-05,122.466286,261.49063,417.95047,405.04086,199.89253,301.4786,24.87609,119.60943,34.46506,-47.12147,-174.18896,263.0358,20.475616,429.0052,218.14534,-271.85358,-280.07986,369.3838,8.2304956e-05,-3.1814903e-05,213.33435,205.762389668962,61.934525,148.4486231894698,-0.3611374
2022-02-01 06:00:00,,,,,,,,,0.012079352,-4.1781168e-05,83.19561,266.45813,420.23065,404.4613,169.76134,308.04996,21.747723,104.48608,28.091291,-43.53499,-147.1204,267.74255,15.618671,438.8257,190.95598,-266.6891,-256.8379,377.64703,0.00013980665,-9.29635e-05,362.38055,349.51663110405207,65.88191,311.98810098320246,-1.0756302
2022-03-01 06:00:00,,,,,,,,,0.012880362,-4.118141e-05,81.99691,265.28598,421.6552,405.32135,167.60222,306.83447,21.545193,102.98602,26.998047,-42.902206,-145.50964,267.04327,16.00854,436.9314,194.99864,-265.93558,-255.36072,376.6059,0.00014907747,-9.642884e-05,386.41086,372.6936847670004,60.362076,330.5527011854574,-0.48296356
2022-04-01 06:00:00,,,,,,,,,0.012958314,-4.025072e-05,91.952095,252.51895,421.62427,406.11853,168.5475,292.2536,21.462734,100.65893,27.98381,-43.127487,-147.13765,255.36887,18.344547,417.4874,204.69017,-267.76157,-251.93066,360.30222,0.00014998113,-0.00010020452,388.74942,374.95283322641626,47.240494,321.3840351612307,0.15036774
2022-05-01 06:00:00,,,,,,,,,0.0089787375,-3.869453e-05,94.32871,228.69652,419.33093,404.41003,162.84003,269.17337,20.29422,96.767166,29.47802,-43.983543,-142.816,236.15965,17.153584,390.6131,223.8925,-270.9553,-242.4187,336.21075,0.00010391948,-5.7675617e-05,269.36212,259.79870770242997,18.5262,182.14050457742997,-0.58277893
2022-06-01 06:00:00,,,,,,,,,0.006054954,-4.1346666e-05,113.08803,208.52565,412.66602,398.91354,177.6725,252.96214,21.46404,103.39947,34.397884,-47.78508,-156.23433,222.39073,18.542395,374.55234,239.24068,-274.39157,-253.79073,320.40652,7.0079215e-05,-2.2859682e-05,181.64862,175.1980380504392,14.550049,86.4540423839353,-0.10542297
2022-07-01 06:00:00,,,,,,,,,0.003856724,-4.5371435e-05,135.94615,212.16415,413.96252,403.45612,196.62239,257.55432,23.497114,113.46462,38.613014,-48.8922,-173.28854,226.94003,20.002151,380.56277,260.12613,-279.82907,-271.79068,326.19067,4.4636647e-05,3.4518705e-06,115.70171,111.5916165872477,11.664551,8.582781748380512,1.2087631
2022-08-01 06:00:00,,,,,,,,,0.002150819,-4.739333e-05,161.06544,224.2937,413.5107,404.729,224.96053,273.94052,26.488403,118.52108,43.934456,-52.46924,-197.64653,240.63571,32.792183,403.2923,261.43933,-281.85583,-302.23468,345.423,2.4892102e-05,2.3149576e-05,64.52457,62.230255934991874,40.79535,-17.894293930730782,2.3988037
2022-09-01 06:00:00,,,,,,,,,0.002151913,-4.871313e-05,182.8112,247.92769,417.86578,410.48312,246.8812,295.46323,29.483215,121.821434,45.558407,-52.82855,-214.62787,256.7672,43.245403,425.5411,261.66776,-284.71848,-321.9293,364.22507,2.490501e-05,2.5382604e-05,64.55739,62.26252480701078,60.261536,-3.299990451778285,4.002617
2022-10-01 06:00:00,,,,,,,,,0.005359762,-4.7679114e-05,141.80835,260.66525,420.48645,410.51715,221.1063,304.11545,27.116535,119.23522,39.703648,-49.553295,-191.0388,263.1149,31.10774,434.10007,221.84709,-275.44693,-300.1391,372.081,6.203313e-05,-1.8975941e-05,160.79285,155.0828164909035,78.29201,113.14740694500506,0.9921951
2022-11-01 06:00:00,,,,,,,,,0.005649943,-4.758098e-05,134.2684,260.19815,420.30002,407.9157,209.44281,300.80493,25.847212,118.99008,35.646385,-47.845753,-180.5348,259.73438,25.796768,428.8125,227.68924,-273.54007,-288.43384,367.10297,6.539197e-05,-1.7517123e-05,169.49829,163.47992641385645,60.7446,105.13288051541895,0.10157776
2022-12-01 06:00:00,,,,,,,,,0.008285596,-4.7561203e-05,128.15921,256.33688,417.30704,405.25024,203.60379,296.2969,25.149927,118.941154,35.8043,-47.67804,-176.07478,256.58234,22.041203,423.07443,222.22511,-272.16476,-281.65176,362.32742,9.58982e-05,-4.8030914e-05,248.56787,239.74549549166113,59.42665,180.94287174288183,-0.7118759
2023-01-01 06:00:00,,,,,,,,,0.009325559,-4.4373286e-05,102.53038,260.64697,416.72372,401.53046,183.12914,300.92233,23.140503,110.96854,31.455185,-46.342144,-159.46948,262.55054,18.024166,428.9606,208.24936,-266.5171,-266.4647,369.32306,0.0001079333,-6.241669e-05,279.76678,269.83325369656086,58.215332,218.05845434963703,-0.9784088
2023-02-01 06:00:00,,,,,,,,,0.010821682,-4.49664e-05,99.93655,266.37546,420.19955,404.90524,182.62697,307.9859,23.162424,112.45173,28.67998,-43.639847,-158.3699,267.68875,17.251118,438.81757,206.36855,-266.1707,-269.01572,377.63562,0.00012524943,-7.6213e-05,324.65045,313.12356441048905,62.64717,263.33192698983476,-0.012916565
2023-03-01 06:00:00,,,,,,,,,0.008679567,-4.683529e-05,117.225746,267.5665,419.26764,406.24567,199.20447,308.48145,24.995115,117.12577,33.549595,-46.31457,-173.05853,268.4474,21.691109,437.0629,208.23076,-269.23193,-281.84933,376.67944,0.000100456535,-5.4316508e-05,260.38702,251.14133677561767,73.618576,206.94207987864502,0.6920624
2023-04-01 06:00:00,,,,,,,,,0.009653606,-4.3254826e-05,104.758896,253.68378,421.5177,408.33008,183.43324,293.02536,23.168522,108.171394,31.50558,-44.45437,-160.09947,256.0531,20.050278,417.73633,206.3874,-269.1707,-264.8655,360.59814,0.00011173043,-6.759289e-05,289.6082,279.3260682665277,58.478104,229.26056228508241,0.37221527
2023-05-01 06:00:00,,,,,,,,,0.008994057,-4.0577488e-05,101.4507,228.28278,424.33823,411.94287,170.85455,268.6411,21.221214,101.47621,30.009544,-42.1512,-149.86308,235.74619,17.93853,390.846,222.06601,-271.64948,-250.44844,336.62085,0.00010409708,-6.0189795e-05,269.82172,260.2427048259415,28.382431,186.71013494068757,0.438797
2023-06-01 06:00:00,,,,,,,,,0.0048162155,-4.3436725e-05,120.280136,208.15768,416.9811,404.99866,182.76764,252.49596,22.028128,108.62631,34.35651,-46.08156,-160.79448,222.01924,18.146547,374.63312,248.35916,-274.67725,-259.88086,320.61707,5.5741966e-05,-9.99143e-06,144.48647,139.35491551819723,11.521698,42.58518590393942,-0.33488464
2023-07-01 06:00:00,,,,,,,,,0.002355701,-4.5070614e-05,145.2882,212.83682,416.668,406.86972,203.35454,257.9977,24.191216,112.713196,40.508823,-50.022667,-179.25374,227.32948,23.698267,380.46848,263.94,-282.3733,-277.22104,326.11078,2.7264326e-05,1.6463433e-05,70.67103,68.16081622673664,13.281036,-33.604801143868826,2.333458
2023-08-01 06:00:00,,,,,,,,,0.0017483077,-4.689044e-05,172.42409,224.45937,419.05038,411.90887,231.94652,273.8366,27.32163,117.26324,45.586742,-52.583466,-203.84763,240.56906,37.115112,403.128,269.0367,-285.13144,-308.20117,345.3845,2.0233345e-05,2.5111522e-05,52.44923,50.58336228103144,39.16446,-31.397945702366997,3.8825302
2023-09-01 06:00:00,,,,,,,,,0.0009748541,-4.4949546e-05,196.20233,248.98877,421.91324,415.70444,255.59619,296.1342,30.374115,112.40955,50.592056,-56.543446,-222.26212,257.3612,54.46781,425.44406,271.18884,-287.3265,-328.8974,364.21127,1.128251e-05,3.9763294e-05,29.245623,28.2062751466583,57.708557,-31.287415344064357,4.792694
2023-10-01 06:00:00,,,,,,,,,0.0013535644,-4.622348e-05,192.13272,263.2216,425.40753,419.0017,257.34787,306.04617,31.062845,115.59545,49.66718,-55.871555,-222.56929,264.7403,53.29236,434.13266,253.50955,-283.76196,-329.87436,372.0015,1.5666628e-05,3.5336416e-05,40.60693,39.16657078661956,76.36481,-4.078378554200754,4.014305
2023-11-01 06:00:00,,,,,,,,,0.003812431,-4.6255467e-05,166.52505,261.1904,426.6717,418.5052,232.43735,301.39648,28.436058,115.67528,42.116524,-50.23433,-200.57881,260.26114,41.313892,428.91745,244.68105,-278.95804,-307.69986,367.27826,4.4124805e-05,5.850405e-06,114.372925,110.3120121115353,63.018814,56.18243828951381,1.473114
2023-12-01 06:00:00,,,,,,,,,0.0075936005,-4.493711e-05,110.79817,254.23569,427.7559,416.1389,190.24472,294.13095,23.888609,112.3782,31.57785,-43.076355,-164.5134,254.8497,20.56568,423.12195,210.2941,-270.18405,-271.2408,362.87033,8.788874e-05,-4.0066385e-05,227.80803,219.72184185869992,60.946716,168.2986927498132,-0.008331299
2024-01-01 06:00:00,,,,,,,,,0.004980273,-4.826319e-05,135.86961,260.80185,426.6295,414.99045,206.39754,300.53812,25.537594,120.69643,34.33989,-45.693718,-179.96326,262.29642,23.611868,428.98984,236.3557,-274.89362,-287.22775,369.65802,5.764019e-05,-1.5608592e-05,149.4082,144.10047697310802,50.872055,72.96103452926036,1.3150711
2024-02-01 06:00:00,,,,,,,,,0.006923948,-4.9459624e-05,148.31131,268.88818,425.53656,415.36795,217.658,309.5193,27.052624,123.6886,37.47733,-47.36391,-189.03815,269.0266,27.009655,438.95578,233.41098,-276.0615,-297.698,377.8778,8.013713e-05,-3.17725e-05,207.71843,200.34281988046132,64.28702,140.07867116830312,0.8625641
2024-03-01 06:00:00,,,,,,,,,0.009258223,-4.595692e-05,116.21582,265.69943,428.48267,417.1175,194.42221,306.52582,24.587828,114.92858,31.214014,-42.35819,-169.03964,266.8665,22.451517,436.90576,209.01994,-270.78735,-278.5752,376.96158,0.0001071532,-6.366131e-05,277.74667,267.88300601765513,69.55525,222.0641507320106,0.44552612
2024-04-01 06:00:00,,,,,,,,,0.010373814,-4.374446e-05,106.78587,252.06105,428.09772,416.1338,182.13475,291.35782,23.071812,109.39603,29.999866,-41.738934,-159.03236,254.66435,20.126701,417.2016,210.81041,-270.6495,-264.13235,360.36514,0.000120066565,-7.7779754e-05,311.21442,300.16641176189296,53.321945,244.5825570866,-0.49022675
2024-05-01 06:00:00,,,,,,,,,0.008232151,-4.1117786e-05,102.862404,227.46548,427.12915,414.8638,170.0452,267.7692,21.312477,102.82733,29.308233,-41.3267,-149.16217,235.0051,18.326527,390.34708,229.22792,-272.7576,-249.86406,336.26895,9.527552e-05,-5.5946402e-05,246.96454,238.1888043601066,20.636139,157.2975232321769,-1.2999268
2024-06-01 06:00:00,,,,,,,,,0.0050844722,-4.525323e-05,133.20383,208.2259,420.832,411.10822,193.68164,252.3157,23.1966,113.16899,35.781216,-45.30168,-170.38899,221.89847,19.890438,374.60056,253.92961,-278.6346,-268.59003,320.74854,5.8847556e-05,-1.1800501e-05,152.53416,147.11888979945797,14.660416,47.06197451625485,1.5483398
2024-07-01 06:00:00,,,,,,,,,0.0024219304,-4.5938006e-05,149.35896,213.3381,416.65506,406.80136,206.88362,258.52606,24.628807,114.88176,41.15851,-50.70129,-182.38963,227.79158,24.826052,380.97824,267.21228,-283.47287,-280.5063,326.56146,2.8029928e-05,1.6655107e-05,72.65791,70.07482054177672,13.294006,-33.03624818380922,1.5233154
2024-08-01 06:00:00,,,,,,,,,0.0009723369,-4.4594e-05,177.62866,226.49799,415.6384,408.5273,235.5689,275.84918,27.49103,111.52081,50.22533,-56.980663,-207.03946,242.27686,41.800888,403.86005,275.9035,-288.18692,-309.93887,345.83582,1.1251222e-05,2.0940037e-05,29.170107,28.12805405483232,34.03537,-52.849820701027056,3.4924316
2024-09-01 06:00:00,,,,,,,,,0.0014843325,-4.4565335e-05,184.31677,249.15295,424.55237,417.45486,247.78114,296.368,29.591085,111.448456,49.348286,-56.03577,-215.47432,257.56934,51.48696,425.9689,263.81265,-288.22983,-321.99228,364.68576,1.7179653e-05,1.9152923e-05,44.529972,42.949131966452114,58.179626,-13.510317801614292,3.1906204
2024-10-01 06:00:00,,,,,,,,,0.0016162596,-4.8162663e-05,189.37856,262.80548,424.2716,417.19806,254.88017,305.78683,30.72761,120.44505,47.290382,-54.195866,-220.43985,264.51443,49.25654,434.25308,253.66386,-282.7714,-328.1277,372.0824,1.8705789e-05,2.2469372e-05,48.487785,46.764471335336566,74.46382,-2.664628701284528,3.4478836
2024-11-01 06:00:00,,,,,,,,,0.004006291,-4.713555e-05,156.69252,260.8061,425.54053,416.85757,229.0005,301.0683,28.074633,117.87665,40.77427,-49.35933,-197.5789,259.98526,38.20866,428.8183,234.68533,-276.7173,-304.8282,367.21228,4.6368088e-05,-2.5941615e-06,120.18873,115.92022019613069,70.14285,67.46709138143342,0.7193146
2024-12-01 06:00:00,,,,,,,,,0.009099623,-4.4543878e-05,113.946266,254.59479,425.63834,413.41156,189.65303,294.65613,23.745115,111.39521,32.107857,-44.225403,-164.00423,255.26309,21.647877,423.21774,218.26225,-271.10287,-270.7957,362.78345,0.00010531921,-7.1404706e-05,272.98868,263.2980249472894,52.533432,205.58297138893977,-1.1467209
